2012-09-15T03:17:28.000Z, 1192
2008-07-26T19:49:37.000Z, 781
2025-11-30T01:38:08.000Z, 525
2024-11-04T21:43:02.000Z, 3613
2008-07-26T12:04:41.000Z, 578
2008-07-25T18:47:58.000Z, 1386
2010-04-08T01:03:47.000Z, 1682
2010-01-11T14:48:16.000Z, 1284
2009-02-01T23:56:50.000Z, 1018
2008-07-26T20:01:32.000Z, 590
2008-07-26T12:08:55.000Z, 1522
2012-05-21T22:16:57.000Z, 811
2011-08-19T04:45:46.000Z, 1753
2008-07-25T23:22:09.000Z, 722
2008-07-26T20:14:41.000Z, 711
2009-05-29T20:57:59.000Z, 460
2008-07-26T12:12:22.000Z, 895
2008-07-26T12:22:00.000Z, 971
2012-09-14T06:52:19.000Z, 2293
2010-05-24T22:23:33.000Z, 800
2008-07-26T12:25:24.000Z, 1414
2012-07-06T04:49:56.000Z, 1072
2023-04-05T03:04:53.000Z, 1270
2008-07-26T12:28:25.000Z, 689
2008-07-26T12:29:19.000Z, 396
2010-02-03T21:54:23.000Z, 1013
2008-07-26T01:36:28.000Z, 692
2008-07-26T20:18:25.000Z, 318
2015-07-07T00:44:29.000Z, 1946
2008-07-26T12:30:23.000Z, 1172
2010-04-19T06:17:50.000Z, 1325
2008-07-26T01:39:28.000Z, 760
2011-03-09T19:22:04.000Z, 698
2008-07-26T12:32:56.000Z, 299
2008-07-26T12:33:58.000Z, 833
2010-06-03T21:54:26.000Z, 664
2009-05-28T02:34:58.000Z, 1044
2010-06-15T00:39:06.000Z, 438
2020-08-31T19:58:42.000Z, 868
2010-04-15T03:02:32.000Z, 1450
2010-03-25T09:32:38.000Z, 853
2011-01-13T02:22:08.000Z, 904
2008-07-29T11:50:39.000Z, 723
2008-07-26T12:51:22.000Z, 920
2008-07-26T21:11:18.000Z, 698
2008-07-26T01:42:41.000Z, 956
2010-06-17T05:10:18.000Z, 343
2018-02-23T02:00:53.000Z, 1512
2009-01-11T23:11:06.000Z, 295
2010-07-01T04:01:09.000Z, 1042
2009-07-10T20:24:54.000Z, 398
2008-07-28T18:14:15.000Z, 562
2012-05-30T04:45:17.000Z, 491
2010-04-01T19:49:28.000Z, 782
2011-04-24T21:11:33.000Z, 676
2008-07-29T00:12:14.000Z, 721
2008-07-30T16:30:16.000Z, 479
2011-07-08T17:00:59.000Z, 393
2010-03-01T07:55:54.000Z, 736
2008-07-25T16:29:58.000Z, 352
2010-02-24T05:08:54.000Z, 2311
2010-01-23T21:02:01.000Z, 544
2008-08-02T23:29:54.000Z, 759
2008-07-26T12:56:16.000Z, 1890
2008-08-14T12:40:55.000Z, 559
2008-08-03T04:54:15.000Z, 698
2008-07-26T22:44:34.000Z, 619
2008-08-06T13:01:21.000Z, 846
2008-08-25T02:52:54.000Z, 833
2008-08-01T20:49:24.000Z, 755
2008-07-25T20:49:21.000Z, 244
2010-04-13T14:04:03.000Z, 1040
2008-09-02T17:09:37.000Z, 989
2010-01-11T00:18:25.000Z, 882
2008-07-26T21:58:56.000Z, 970
2011-07-04T13:37:34.000Z, 564
2014-06-03T18:11:27.000Z, 2536
2008-08-05T15:32:15.000Z, 438
2008-07-29T04:48:26.000Z, 599
2008-07-25T22:29:49.000Z, 1180
2008-07-26T05:49:18.000Z, 478
2008-07-29T20:01:00.000Z, 675
2008-08-01T11:56:15.000Z, 534
2025-10-06T16:01:55.000Z, 17
2008-08-27T11:24:36.000Z, 1251
2010-01-25T08:23:54.000Z, 626
2010-05-10T21:02:13.000Z, 1220
2015-09-02T22:45:07.000Z, 943
2010-06-29T22:08:28.000Z, 1274
2010-04-16T00:35:50.000Z, 1039
2011-01-15T05:02:30.000Z, 746
2020-04-07T01:35:13.000Z, 2184
2010-07-25T01:42:03.000Z, 686
2008-09-09T07:59:43.000Z, 598
2010-07-22T00:42:07.000Z, 669
2010-06-26T05:22:50.000Z, 1344
2018-09-23T15:00:34.000Z, 1409
2009-06-05T18:36:21.000Z, 585
2008-08-05T20:46:29.000Z, 589
2008-08-07T07:16:57.000Z, 516
2009-12-10T18:51:58.000Z, 1378
2009-03-14T09:04:14.000Z, 1209
2010-03-24T19:46:25.000Z, 1513
2012-04-16T12:11:05.000Z, 1655
2010-04-09T05:03:15.000Z, 714
2008-11-12T16:10:14.000Z, 607
2008-07-27T00:29:11.000Z, 1285
2011-03-10T03:07:58.000Z, 452
2009-12-16T19:39:24.000Z, 1368
2008-09-10T17:28:12.000Z, 406
2008-08-16T04:17:16.000Z, 966
2010-06-01T20:56:39.000Z, 535
2010-07-06T01:49:46.000Z, 942
2011-05-26T00:29:44.000Z, 1095
2008-09-18T19:08:59.000Z, 767
2015-07-18T01:35:35.000Z, 545
2010-07-28T23:24:53.000Z, 981
2012-10-10T04:05:41.000Z, 982
2010-06-03T01:06:43.000Z, 585
2008-07-26T20:30:48.000Z, 1038
2010-04-30T22:31:18.000Z, 995
2008-07-26T13:09:42.000Z, 878
2010-03-08T22:50:35.000Z, 729
2009-02-26T05:38:34.000Z, 500
2010-07-31T06:57:11.000Z, 854
2010-06-26T02:53:00.000Z, 401
2008-10-20T19:17:51.000Z, 482
2008-10-15T22:43:37.000Z, 874
2008-10-03T19:30:29.000Z, 2843
2012-10-22T09:54:05.000Z, 2730
2008-10-01T22:17:16.000Z, 1145
2012-04-02T19:51:06.000Z, 540
2010-12-30T22:15:06.000Z, 804
2008-10-07T20:20:43.000Z, 689
2017-01-06T03:04:56.000Z, 1286
2022-02-23T23:34:24.000Z, 2631
2008-10-31T21:50:55.000Z, 802
2024-04-22T22:45:20.000Z, 1218
2008-09-10T15:37:33.000Z, 2437
2011-03-24T20:42:16.000Z, 1554
2010-03-01T04:25:30.000Z, 644
2010-07-12T17:44:34.000Z, 755
2015-11-15T05:18:43.000Z, 154
2010-06-29T06:23:37.000Z, 452
2010-04-13T06:06:36.000Z, 1578
2010-01-26T08:26:35.000Z, 1165
2008-10-30T00:36:54.000Z, 402
2008-10-22T15:22:26.000Z, 521
2008-10-17T03:49:20.000Z, 230
2011-09-27T19:14:26.000Z, 836
2008-10-21T05:01:56.000Z, 897
2010-09-18T06:26:02.000Z, 1497
2025-01-09T16:00:55.000Z, 3783
2008-07-26T21:42:55.000Z, 1521
2012-11-05T14:53:40.000Z, 1167
2010-04-20T02:56:14.000Z, 587
2011-07-18T22:33:17.000Z, 792
2008-11-24T17:19:58.000Z, 927
2008-11-17T20:47:47.000Z, 1152
2008-09-15T02:55:55.000Z, 1220
2008-11-19T17:36:27.000Z, 1080
2024-07-11T21:21:32.000Z, 2662
2008-11-17T17:38:21.000Z, 398
2010-03-25T21:15:25.000Z, 790
2008-09-19T06:22:48.000Z, 933
2009-06-29T16:40:07.000Z, 456
2010-08-19T20:03:39.000Z, 1336
2008-09-04T02:55:26.000Z, 650
2009-08-30T02:10:44.000Z, 1633
2010-08-22T04:33:07.000Z, 1343
2012-09-29T13:49:25.000Z, 1084
2008-11-24T16:05:16.000Z, 626
2008-11-24T16:42:10.000Z, 522
2011-01-01T21:40:12.000Z, 875
2008-10-06T01:33:49.000Z, 521
2010-08-27T21:45:56.000Z, 918
2008-11-24T20:22:43.000Z, 855
2012-06-05T04:12:33.000Z, 764
2010-03-27T08:38:37.000Z, 1610
2009-01-23T19:06:37.000Z, 340
2009-03-29T02:19:41.000Z, 507
2017-08-07T01:46:26.000Z, 3692
2012-11-15T13:07:35.000Z, 2036
2017-07-16T01:12:46.000Z, 1478
2008-11-27T07:47:01.000Z, 1002
2008-10-04T17:47:02.000Z, 869
2008-10-12T01:12:49.000Z, 839
2008-11-24T20:11:11.000Z, 2018
2009-08-19T17:47:00.000Z, 677
2008-12-04T17:52:11.000Z, 764
2008-07-26T13:27:00.000Z, 1726
2008-10-29T15:21:38.000Z, 650
2008-09-12T04:15:44.000Z, 1258
2008-12-05T17:47:12.000Z, 897
2008-11-06T02:44:12.000Z, 954
2010-06-05T13:01:13.000Z, 1058
2010-02-16T20:06:42.000Z, 738
2009-04-28T00:50:34.000Z, 1696
2010-02-24T16:59:43.000Z, 664
2010-06-05T01:04:46.000Z, 1221
2011-03-13T08:03:02.000Z, 338
2010-03-27T07:34:52.000Z, 894
2013-09-13T00:21:14.000Z, 1494
2008-12-07T21:30:32.000Z, 842
2008-08-17T07:05:36.000Z, 913
2009-04-02T05:07:15.000Z, 318
2008-12-06T04:03:49.000Z, 1038
2008-10-25T16:19:00.000Z, 590
2010-05-17T18:41:20.000Z, 472
2008-10-14T04:39:22.000Z, 509
2008-07-26T13:32:33.000Z, 912
2010-09-03T17:19:44.000Z, 1316
2010-06-21T03:48:41.000Z, 484
2010-01-07T14:13:53.000Z, 1382
2013-02-04T13:14:02.000Z, 1031
2010-09-20T06:29:32.000Z, 646
2008-12-16T01:13:59.000Z, 453
2013-01-19T23:35:38.000Z, 1492
2009-03-28T06:06:28.000Z, 901
2010-01-11T15:49:16.000Z, 1004
2008-09-18T22:21:11.000Z, 585
2008-07-30T09:02:30.000Z, 672
2010-11-12T21:43:57.000Z, 1297
2009-05-25T04:39:13.000Z, 747
2008-11-03T13:53:51.000Z, 619
2009-12-07T03:25:47.000Z, 336
2023-04-28T18:27:32.000Z, 3680
2010-11-13T08:39:22.000Z, 1103
2010-06-17T01:26:06.000Z, 1382
2008-12-21T08:29:48.000Z, 1112
2008-11-04T15:41:36.000Z, 674
2010-01-29T23:50:28.000Z, 1852
2011-04-18T21:26:05.000Z, 660
2011-03-13T22:20:07.000Z, 464
2010-01-14T03:50:15.000Z, 851
2008-09-26T03:07:24.000Z, 333
2008-12-17T02:27:01.000Z, 5987
2008-07-26T13:37:41.000Z, 559
2010-01-17T05:02:01.000Z, 1108
2010-07-05T19:09:53.000Z, 999
2008-11-24T19:52:12.000Z, 583
2008-11-24T19:57:08.000Z, 930
2012-11-29T02:13:03.000Z, 985
2008-12-24T03:47:38.000Z, 1180
2010-04-12T17:11:44.000Z, 556
2019-01-02T21:00:52.000Z, 3833
2008-12-16T21:00:39.000Z, 873
2008-12-01T12:31:49.000Z, 940
2009-01-07T22:23:29.000Z, 2008
2008-10-11T03:13:07.000Z, 623
2025-01-09T13:49:50.000Z, 1169
2010-04-15T04:17:53.000Z, 1419
2010-10-17T23:10:23.000Z, 959
2021-09-29T01:14:01.000Z, 4290
2014-03-12T22:00:58.000Z, 827
2010-09-17T00:57:15.000Z, 2063
2010-05-23T18:14:36.000Z, 1286
2010-03-19T15:00:16.000Z, 689
2010-11-13T01:13:22.000Z, 365
2008-11-26T08:21:44.000Z, 1161
2009-07-28T17:20:04.000Z, 665
2008-10-09T13:59:17.000Z, 473
2009-04-14T16:17:04.000Z, 442
2010-04-15T23:10:57.000Z, 1471
2010-06-25T23:51:01.000Z, 658
2010-06-05T04:14:05.000Z, 808
2012-02-09T16:25:04.000Z, 1405
2010-04-02T20:22:30.000Z, 619
2021-07-10T00:29:56.000Z, 1182
2009-07-18T08:08:22.000Z, 786
2009-01-07T00:25:06.000Z, 499
2019-06-11T00:05:38.000Z, 1571
2009-01-05T06:01:47.000Z, 453
2009-01-09T00:43:35.000Z, 376
2010-02-15T00:56:53.000Z, 496
2010-08-08T03:38:20.000Z, 725
2008-12-08T05:59:27.000Z, 730
2010-12-11T04:35:35.000Z, 1522
2011-01-12T19:23:03.000Z, 445
2009-01-08T18:38:44.000Z, 716
2009-04-20T13:53:04.000Z, 1152
2008-10-11T08:24:07.000Z, 490
2009-01-16T12:19:13.000Z, 424
2009-07-01T16:17:53.000Z, 593
2010-11-19T23:51:35.000Z, 634
2016-06-10T04:33:47.000Z, 1047
2010-10-01T00:55:42.000Z, 620
2010-04-06T05:07:30.000Z, 776
2010-07-23T03:33:35.000Z, 442
2024-04-26T01:39:18.000Z, 1819
2009-01-02T11:08:26.000Z, 636
2010-08-08T08:37:56.000Z, 888
2008-08-17T18:30:39.000Z, 1071
2013-07-30T00:13:33.000Z, 2174
2016-10-21T00:44:13.000Z, 674
2009-05-25T11:46:35.000Z, 491
2008-07-26T13:51:11.000Z, 2221
2010-03-20T22:53:37.000Z, 1201
2013-11-06T12:03:55.000Z, 696
2008-10-07T01:56:39.000Z, 1069
2008-10-20T15:26:22.000Z, 1171
2008-07-25T16:21:07.000Z, 441
2009-03-19T00:54:31.000Z, 1314
2010-06-04T15:33:09.000Z, 696
2009-07-22T08:38:04.000Z, 935
2016-01-27T05:23:34.000Z, 1801
2009-01-08T19:11:31.000Z, 904
2008-10-16T03:25:34.000Z, 481
2008-11-25T01:07:47.000Z, 653
2010-06-10T08:44:34.000Z, 846
2008-12-28T05:03:44.000Z, 776
2010-11-16T21:48:35.000Z, 1402
2011-02-13T18:46:39.000Z, 862
2010-04-02T04:19:34.000Z, 558
2009-05-11T00:35:09.000Z, 801
2008-09-08T22:40:04.000Z, 628
2010-01-07T15:51:12.000Z, 861
2010-03-10T06:27:19.000Z, 784
2008-11-20T03:15:59.000Z, 529
2012-02-18T21:52:20.000Z, 831
2010-07-28T14:24:16.000Z, 678
2013-03-29T04:00:36.000Z, 1266
2011-03-30T00:48:06.000Z, 501
2010-11-20T23:21:30.000Z, 512
2010-07-16T20:32:40.000Z, 798
2011-09-09T16:37:05.000Z, 1481
2010-08-22T03:28:29.000Z, 422
2017-07-26T01:19:22.000Z, 1135
2008-10-06T17:37:42.000Z, 481
2009-03-02T03:40:05.000Z, 880
2010-05-03T04:20:36.000Z, 655
2009-12-20T04:30:54.000Z, 834
2010-02-18T03:11:37.000Z, 705
2009-02-01T03:20:44.000Z, 842
2010-04-04T14:27:32.000Z, 380
2009-03-03T18:27:48.000Z, 1317
2010-09-19T03:35:37.000Z, 585
2008-10-02T17:11:31.000Z, 1027
2009-02-02T06:04:09.000Z, 661
2015-04-26T01:22:33.000Z, 522
2008-12-19T23:16:16.000Z, 793
2010-03-19T02:42:35.000Z, 487
2009-07-24T19:54:57.000Z, 549
2010-11-21T00:34:19.000Z, 2852
2010-05-01T07:12:57.000Z, 588
2008-07-25T16:41:02.000Z, 307
2010-10-15T05:09:16.000Z, 401
2008-12-30T00:59:54.000Z, 1199
2008-10-18T05:30:11.000Z, 1277
2010-11-22T01:35:26.000Z, 815
2008-12-02T13:07:36.000Z, 1083
2010-01-22T10:16:10.000Z, 385
2011-02-18T22:10:16.000Z, 644
2009-01-03T21:34:37.000Z, 1008
2011-02-05T23:55:17.000Z, 638
2014-08-17T15:46:54.000Z, 2914
2008-12-01T09:59:34.000Z, 898
2010-11-28T04:14:10.000Z, 938
2009-02-07T21:13:11.000Z, 1037
2009-02-04T17:39:08.000Z, 751
2010-12-07T15:42:57.000Z, 800
2009-01-27T00:12:15.000Z, 1093
2011-03-09T18:28:30.000Z, 1310
2019-03-14T05:01:42.000Z, 840
2017-11-20T04:06:05.000Z, 1458
2009-02-07T17:43:14.000Z, 519
2010-04-20T14:23:28.000Z, 553
2011-02-13T08:20:57.000Z, 540
2009-02-09T12:58:05.000Z, 365
2025-08-02T09:28:08.000Z, 479
2011-03-05T22:01:17.000Z, 746
2009-02-08T11:08:08.000Z, 617
2009-01-16T03:02:15.000Z, 675
2009-07-06T00:42:34.000Z, 1364
2009-02-12T07:22:16.000Z, 314
2009-02-06T12:52:08.000Z, 620
2009-02-12T10:00:04.000Z, 750
2010-02-19T23:06:02.000Z, 454
2015-08-19T04:35:21.000Z, 875
2011-03-02T01:59:25.000Z, 633
2014-01-12T23:38:45.000Z, 1404
2009-02-14T02:25:55.000Z, 966
2009-03-02T01:00:27.000Z, 927
2010-03-18T19:31:43.000Z, 581
2009-02-14T22:56:02.000Z, 523
2021-05-12T00:02:11.000Z, 976
2009-04-09T05:47:59.000Z, 872
2011-01-28T04:08:03.000Z, 874
2009-12-12T16:51:05.000Z, 506
2008-07-26T14:07:51.000Z, 667
2009-01-20T06:30:15.000Z, 762
2008-09-28T02:23:41.000Z, 1089
2011-03-03T22:26:19.000Z, 781
2009-02-05T01:40:39.000Z, 984
2010-03-27T13:09:18.000Z, 1104
2010-09-26T19:44:20.000Z, 396
2008-10-03T11:12:32.000Z, 1276
2010-05-29T00:11:02.000Z, 1610
2013-07-14T15:58:58.000Z, 870
2009-03-04T17:24:26.000Z, 973
2011-08-03T16:38:12.000Z, 1837
2025-07-22T21:42:02.000Z, 1108
2010-06-22T20:04:49.000Z, 565
2009-02-18T10:45:18.000Z, 1607
2010-07-06T19:32:55.000Z, 1017
2009-02-11T12:08:32.000Z, 639
2010-12-09T08:10:34.000Z, 714
2025-08-26T23:00:30.000Z, 1638
2009-02-18T00:13:38.000Z, 704
2017-06-07T03:41:10.000Z, 1017
2010-03-18T17:56:15.000Z, 912
2009-03-14T22:56:43.000Z, 955
2009-02-09T03:41:38.000Z, 681
2009-03-14T02:56:28.000Z, 326
2009-03-04T22:24:33.000Z, 612
2009-08-17T19:46:29.000Z, 577
2016-01-20T04:14:54.000Z, 461
2009-08-18T18:17:14.000Z, 620
2008-07-25T21:15:54.000Z, 245
2008-07-26T18:08:22.000Z, 267
2009-05-12T08:07:09.000Z, 1143
2011-03-02T04:22:48.000Z, 442
2010-03-19T19:29:54.000Z, 753
2011-03-15T23:10:11.000Z, 464
2009-02-11T16:46:21.000Z, 893
2011-03-20T00:03:45.000Z, 1345
2009-02-06T22:51:21.000Z, 1166
2011-04-02T01:08:43.000Z, 1196
2009-03-17T02:04:12.000Z, 665
2012-12-23T20:56:27.000Z, 578
2008-08-13T04:46:27.000Z, 810
2008-12-20T18:51:44.000Z, 2023
2009-05-28T23:39:54.000Z, 658
2010-03-19T07:03:06.000Z, 1563
2009-01-07T05:52:54.000Z, 1242
2011-04-05T16:01:17.000Z, 605
2011-04-12T14:10:42.000Z, 1015
2009-05-02T01:54:36.000Z, 419
2009-03-17T23:36:28.000Z, 622
2014-06-03T03:15:30.000Z, 1092
2009-01-02T09:48:44.000Z, 614
2012-11-25T23:00:35.000Z, 702
2011-05-14T08:04:01.000Z, 952
2012-09-30T11:40:19.000Z, 1221
2011-02-09T07:56:56.000Z, 525
2010-03-01T19:22:33.000Z, 527
2011-04-27T17:59:31.000Z, 699
2009-03-23T03:04:24.000Z, 1485
2008-12-20T00:11:59.000Z, 643
2011-05-31T09:08:02.000Z, 492
2008-11-26T05:56:04.000Z, 1209
2012-11-09T16:53:12.000Z, 610
2014-12-05T22:00:17.000Z, 1145
2009-03-28T03:06:32.000Z, 1316
2011-04-26T07:02:05.000Z, 501
2009-05-28T18:36:52.000Z, 961
2010-10-17T20:49:59.000Z, 857
2009-03-07T14:12:07.000Z, 558
2011-04-17T01:12:17.000Z, 427
2022-06-12T02:37:01.000Z, 1593
2009-03-31T23:13:41.000Z, 945
2009-01-21T23:10:54.000Z, 928
2009-04-17T04:44:05.000Z, 388
2024-03-14T19:29:44.000Z, 2409
2009-05-14T14:22:58.000Z, 651
2013-02-02T23:28:29.000Z, 1151
2019-08-07T23:57:54.000Z, 1100
2012-12-30T05:56:46.000Z, 578
2008-07-26T14:17:19.000Z, 986
2009-01-04T07:06:41.000Z, 807
2010-09-17T11:16:31.000Z, 320
2010-06-05T17:46:34.000Z, 1057
2009-02-10T00:22:40.000Z, 648
2009-04-04T23:56:08.000Z, 538
2010-04-20T00:00:04.000Z, 556
2009-03-28T23:51:04.000Z, 369
2010-03-22T20:37:20.000Z, 512
2009-02-14T23:51:23.000Z, 763
2009-04-06T06:09:09.000Z, 838
2008-12-04T19:59:28.000Z, 435
2015-08-17T17:20:01.000Z, 757
2011-04-29T23:28:39.000Z, 1774
2009-04-20T03:46:03.000Z, 695
2009-01-06T21:11:27.000Z, 1333
2009-05-11T07:01:59.000Z, 948
2009-04-11T23:36:35.000Z, 1219
2009-03-03T23:41:38.000Z, 1767
2009-04-01T06:47:54.000Z, 465
2008-12-15T06:52:03.000Z, 1059
2011-06-04T20:56:16.000Z, 946
2009-08-12T19:53:27.000Z, 2248
2011-05-29T00:01:30.000Z, 1461
2009-04-05T18:59:31.000Z, 2294
2010-04-23T23:06:25.000Z, 369
2009-02-27T11:31:12.000Z, 1427
2009-04-20T06:29:26.000Z, 727
2011-01-22T13:55:10.000Z, 759
2012-12-13T19:27:02.000Z, 1090
2009-04-11T14:07:40.000Z, 1122
2010-03-09T21:17:34.000Z, 657
2011-05-14T19:28:56.000Z, 1380
2012-10-03T12:26:16.000Z, 592
2011-03-02T01:18:52.000Z, 774
2009-06-01T21:16:23.000Z, 716
2008-07-26T18:12:26.000Z, 1305
2009-05-11T23:08:28.000Z, 1041
2022-04-15T20:30:54.000Z, 544
2013-05-26T20:01:11.000Z, 616
2011-05-13T22:08:41.000Z, 584
2009-03-31T23:26:40.000Z, 899
2009-03-30T03:24:33.000Z, 1967
2009-03-28T00:52:36.000Z, 1416
2009-04-03T03:46:28.000Z, 1398
2013-05-09T01:57:50.000Z, 1048
2010-03-07T12:20:19.000Z, 549
2025-11-08T23:10:16.000Z, 392
2010-07-01T17:26:23.000Z, 983
2021-04-21T03:32:31.000Z, 2949
2010-09-11T00:04:23.000Z, 943
2015-09-27T04:49:55.000Z, 914
2017-08-26T11:33:13.000Z, 1446
2009-04-15T19:39:16.000Z, 666
2011-08-11T16:57:36.000Z, 902
2011-02-07T19:06:33.000Z, 586
2009-04-04T07:50:15.000Z, 594
2020-07-17T20:16:57.000Z, 2925
2011-02-28T23:01:23.000Z, 980
2009-07-23T01:03:14.000Z, 679
2009-04-15T15:08:53.000Z, 720
2021-10-20T21:57:15.000Z, 7458
2016-01-19T22:29:58.000Z, 1746
2008-12-23T22:29:53.000Z, 2239
2011-02-03T07:03:57.000Z, 762
2009-04-28T14:44:24.000Z, 710
2009-08-18T03:23:06.000Z, 796
2021-04-05T08:24:30.000Z, 862
2009-04-25T16:25:31.000Z, 516
2011-06-18T13:34:18.000Z, 345
2011-05-11T18:08:21.000Z, 585
2020-12-08T13:20:05.000Z, 2025
2025-07-31T01:46:55.000Z, 723
2011-03-09T16:14:18.000Z, 753
2009-05-14T20:38:16.000Z, 840
2011-10-19T09:59:28.000Z, 1007
2011-03-15T02:28:02.000Z, 797
2017-05-10T19:16:56.000Z, 867
2009-03-17T14:06:04.000Z, 1396
2009-05-30T20:01:42.000Z, 1187
2009-05-15T17:47:41.000Z, 751
2014-03-08T23:57:16.000Z, 1013
2009-05-03T20:58:52.000Z, 419
2008-07-26T14:23:37.000Z, 1699
2012-09-18T03:27:54.000Z, 1029
2009-04-29T03:25:31.000Z, 545
2011-08-18T22:49:06.000Z, 1156
2009-02-22T05:21:43.000Z, 681
2025-06-08T19:16:27.000Z, 2685
2011-06-15T02:08:44.000Z, 1059
2009-05-09T20:54:49.000Z, 1006
2009-05-06T22:42:48.000Z, 509
2010-04-28T15:37:16.000Z, 600
2009-02-27T02:06:23.000Z, 344
2009-05-02T07:56:44.000Z, 653
2009-05-15T18:29:19.000Z, 547
2009-04-12T09:37:43.000Z, 845
2009-04-14T17:28:52.000Z, 426
2008-07-25T20:31:32.000Z, 931
2009-05-16T08:02:58.000Z, 982
2011-08-06T08:08:43.000Z, 1547
2009-03-25T09:35:30.000Z, 961
2009-05-16T06:59:41.000Z, 629
2011-08-07T00:56:11.000Z, 2001
2012-04-26T02:23:54.000Z, 952
2008-07-26T14:25:31.000Z, 859
2009-05-17T11:07:04.000Z, 709
2011-05-16T19:58:16.000Z, 1837
2011-06-14T17:58:13.000Z, 586
2011-06-23T07:04:46.000Z, 1028
2015-09-21T19:47:16.000Z, 2255
2014-05-26T04:40:03.000Z, 1303
2011-08-02T20:30:13.000Z, 645
2011-06-25T02:07:26.000Z, 1289
2010-05-10T23:27:27.000Z, 763
2010-09-01T18:52:31.000Z, 960
2009-03-27T02:25:19.000Z, 1122
2009-04-13T06:17:15.000Z, 961
2009-05-01T07:02:17.000Z, 577
2011-03-11T01:35:04.000Z, 754
2009-03-26T19:34:27.000Z, 716
2013-09-13T06:21:07.000Z, 958
2010-07-26T03:07:31.000Z, 337
2009-08-16T03:05:55.000Z, 709
2009-06-08T22:36:05.000Z, 321
2009-07-28T09:49:10.000Z, 852
2011-07-19T01:11:28.000Z, 657
2010-01-26T00:00:17.000Z, 531
2009-05-12T04:31:09.000Z, 1579
2014-12-14T05:52:50.000Z, 1370
2009-07-28T17:29:57.000Z, 925
2009-05-12T05:54:51.000Z, 1400
2008-07-25T16:27:43.000Z, 424
2012-08-09T16:16:56.000Z, 1296
2020-04-05T22:45:24.000Z, 2673
2008-11-21T08:57:44.000Z, 901
2008-07-26T14:33:17.000Z, 1165
2011-06-07T03:39:16.000Z, 1458
2010-11-14T05:59:39.000Z, 625
2010-02-25T16:03:30.000Z, 682
2011-08-17T08:21:23.000Z, 1437
2011-06-22T08:02:33.000Z, 601
2011-08-08T14:18:17.000Z, 726
2011-03-09T22:06:28.000Z, 507
2010-03-20T16:56:32.000Z, 495
2009-05-17T07:31:47.000Z, 963
2008-10-06T19:07:28.000Z, 247
2011-06-17T21:52:45.000Z, 870
2009-03-25T01:44:06.000Z, 825
2009-02-28T22:03:44.000Z, 1057
2025-01-09T16:16:20.000Z, 7420
2011-08-20T14:10:57.000Z, 561
2009-06-26T00:18:44.000Z, 1618
2016-10-04T04:32:38.000Z, 1589
2012-04-19T15:30:34.000Z, 1299
2008-12-31T11:36:32.000Z, 1424
2010-05-30T16:27:12.000Z, 583
2009-07-02T18:40:20.000Z, 1274
2023-07-21T18:57:00.000Z, 1990
2009-06-17T22:31:51.000Z, 523
2018-07-07T18:53:30.000Z, 1317
2011-07-20T05:22:35.000Z, 1111
2015-08-17T19:42:18.000Z, 3860
2009-06-06T23:44:48.000Z, 401
2011-04-17T20:38:06.000Z, 591
2009-06-14T07:15:01.000Z, 594
2010-05-12T04:46:13.000Z, 1215
2011-08-21T14:03:35.000Z, 748
2009-12-31T23:02:26.000Z, 916
2011-08-30T01:58:52.000Z, 876
2009-07-08T12:45:46.000Z, 745
2009-06-22T16:47:27.000Z, 510
2009-03-20T20:35:07.000Z, 1364
2009-04-14T17:13:23.000Z, 1015
2011-03-14T21:13:32.000Z, 1251
2009-05-25T18:13:19.000Z, 308
2009-06-28T19:53:52.000Z, 1203
2009-05-07T06:07:07.000Z, 766
2011-08-05T21:09:03.000Z, 303
2009-03-24T18:33:01.000Z, 445
2011-12-03T01:18:26.000Z, 875
2009-06-09T15:33:41.000Z, 607
2009-08-09T06:58:31.000Z, 1006
2011-08-10T09:18:24.000Z, 850
2009-02-24T22:15:02.000Z, 728
2011-06-19T13:51:56.000Z, 2591
2011-08-30T04:16:46.000Z, 624
2010-03-19T20:16:55.000Z, 751
2011-09-12T21:10:49.000Z, 1117
2011-08-22T04:07:37.000Z, 1272
2009-07-14T22:19:18.000Z, 532
2011-09-01T20:31:39.000Z, 464
2010-02-07T03:05:15.000Z, 778
2010-02-04T21:23:29.000Z, 1031
2011-09-14T00:18:41.000Z, 1008
2018-06-03T03:03:32.000Z, 1896
2012-12-06T01:22:44.000Z, 1344
2010-12-14T18:14:00.000Z, 784
2009-05-20T01:33:53.000Z, 577
2013-10-05T22:12:50.000Z, 934
2011-08-30T20:34:52.000Z, 353
2011-05-15T18:54:09.000Z, 579
2009-05-18T08:38:14.000Z, 676
2009-07-28T17:35:47.000Z, 359
2012-11-21T03:04:30.000Z, 695
2011-03-15T21:22:44.000Z, 1037
2011-07-08T19:18:57.000Z, 546
2011-08-19T16:42:53.000Z, 591
2016-02-08T07:53:47.000Z, 1680
2011-03-12T20:08:52.000Z, 633
2009-09-06T12:26:33.000Z, 833
2010-05-17T01:40:02.000Z, 834
2010-02-01T11:56:50.000Z, 1299
2009-02-04T14:54:11.000Z, 793
2010-01-07T10:33:37.000Z, 729
2011-10-22T15:36:53.000Z, 557
2009-05-19T01:14:17.000Z, 1455
2009-06-09T10:29:05.000Z, 588
2011-04-13T00:00:56.000Z, 740
2009-01-19T17:16:49.000Z, 829
2011-01-27T08:22:13.000Z, 872
2009-08-25T03:56:04.000Z, 479
2010-05-03T07:09:05.000Z, 611
2009-03-22T04:50:48.000Z, 1868
2008-10-13T03:07:59.000Z, 669
2013-11-16T18:44:41.000Z, 861
2014-01-26T22:10:54.000Z, 798
2009-12-09T17:09:36.000Z, 240
2011-05-23T04:54:01.000Z, 812
2010-05-05T19:24:07.000Z, 875
2011-04-09T01:09:22.000Z, 1435
2010-09-12T03:47:31.000Z, 1510
2010-07-21T14:33:42.000Z, 590
2024-09-14T00:07:09.000Z, 5410
2009-06-22T16:48:02.000Z, 685
2009-08-27T17:35:41.000Z, 1360
2012-09-15T00:20:35.000Z, 959
2009-08-26T17:50:24.000Z, 1931
2009-08-29T03:59:34.000Z, 355
2009-03-12T02:18:32.000Z, 1403
2015-02-11T06:38:34.000Z, 2658
2023-03-12T12:06:37.000Z, 1441
2009-07-31T16:35:37.000Z, 504
2011-08-03T02:53:04.000Z, 2256
2011-09-20T12:22:28.000Z, 910
2011-07-18T17:32:00.000Z, 831
2011-10-06T07:53:13.000Z, 460
2009-03-17T18:43:48.000Z, 1930
2011-10-07T23:24:54.000Z, 767
2012-12-06T03:11:29.000Z, 457
2011-09-06T03:42:54.000Z, 814
2011-10-08T03:17:24.000Z, 385
2011-07-24T04:07:27.000Z, 1148
2009-08-28T06:22:49.000Z, 639
2011-09-20T15:39:06.000Z, 1530
2010-08-10T22:25:36.000Z, 406
2011-10-08T03:24:31.000Z, 427
2012-09-27T20:18:33.000Z, 547
2011-08-24T13:21:29.000Z, 869
2009-07-23T22:27:45.000Z, 624
2011-10-08T04:50:26.000Z, 389
2009-02-09T03:28:33.000Z, 503
2011-10-08T05:27:14.000Z, 335
2010-03-10T00:33:13.000Z, 503
2011-10-19T02:09:13.000Z, 462
2010-04-19T04:48:53.000Z, 636
2011-10-08T11:32:06.000Z, 606
2010-04-07T06:14:39.000Z, 1011
2013-10-21T00:34:30.000Z, 861
2009-06-12T17:23:16.000Z, 598
2008-07-26T14:38:21.000Z, 1377
2011-10-09T21:54:10.000Z, 433
2011-10-11T21:15:07.000Z, 511
2025-01-29T16:34:42.000Z, 3167
2012-05-22T02:12:36.000Z, 1091
2011-10-11T09:44:47.000Z, 572
2010-07-03T00:17:34.000Z, 372
2011-06-12T20:06:07.000Z, 791
2012-11-25T05:31:10.000Z, 1799
2011-08-22T18:47:38.000Z, 868
2011-05-17T03:15:42.000Z, 613
2011-10-01T00:29:19.000Z, 320
2012-04-28T15:56:58.000Z, 1363
2009-04-21T03:21:58.000Z, 672
2011-10-10T20:58:14.000Z, 932
2010-07-01T02:17:45.000Z, 508
2011-10-04T01:31:35.000Z, 830
2011-09-25T06:50:19.000Z, 572
2010-09-04T18:36:22.000Z, 764
2011-04-28T00:28:43.000Z, 504
2010-10-20T19:42:48.000Z, 971
2008-07-25T14:18:29.000Z, 564
2009-05-25T02:39:17.000Z, 410
2011-03-04T20:51:32.000Z, 1234
2009-12-06T23:38:18.000Z, 448
2011-09-07T05:35:03.000Z, 449
2009-12-10T01:49:08.000Z, 684
2010-02-13T10:04:40.000Z, 1056
2010-02-06T03:29:03.000Z, 983
2011-03-11T16:29:53.000Z, 981
2024-12-05T22:32:15.000Z, 3778
2011-10-12T20:33:23.000Z, 799
2011-10-09T16:04:41.000Z, 585
2009-12-06T09:36:58.000Z, 548
2010-09-08T22:16:22.000Z, 507
2011-09-29T22:06:47.000Z, 2075
2011-10-08T19:09:46.000Z, 790
2010-11-04T17:58:47.000Z, 1677
2009-06-21T04:34:55.000Z, 895
2009-06-10T12:48:11.000Z, 1355
2011-08-05T18:56:49.000Z, 328
2009-08-28T07:35:33.000Z, 849
2009-05-04T03:13:42.000Z, 476
2011-02-27T18:24:22.000Z, 454
2011-04-12T12:56:03.000Z, 888
2024-08-16T00:49:02.000Z, 2681
2011-08-22T19:48:03.000Z, 1283
2011-02-26T21:43:22.000Z, 780
2017-08-03T12:20:17.000Z, 1235
2010-11-17T23:02:19.000Z, 893
2011-09-07T22:38:07.000Z, 1275
2011-02-27T18:27:24.000Z, 385
2008-07-26T03:23:04.000Z, 797
2009-01-13T00:44:51.000Z, 1102
2012-10-29T13:05:43.000Z, 799
2011-02-27T18:29:33.000Z, 526
2011-10-12T21:01:40.000Z, 433
2009-06-23T10:40:19.000Z, 592
2012-09-25T00:19:51.000Z, 1533
2015-02-10T00:02:39.000Z, 2036
2010-03-08T00:37:15.000Z, 1383
2024-05-11T20:15:31.000Z, 664
2010-08-12T15:09:59.000Z, 968
2011-12-19T21:10:33.000Z, 868
2011-08-24T22:21:39.000Z, 654
2009-03-20T23:23:38.000Z, 1274
2011-10-08T00:46:51.000Z, 461
2011-08-16T20:02:45.000Z, 792
2011-04-03T20:14:38.000Z, 281
2011-09-07T06:24:32.000Z, 1118
2009-07-21T00:31:30.000Z, 809
2010-05-17T17:28:42.000Z, 721
2024-09-05T17:52:34.000Z, 5276
2011-10-13T02:02:22.000Z, 1009
2010-07-09T14:14:38.000Z, 594
2011-03-29T14:19:37.000Z, 1002
2011-04-10T02:47:25.000Z, 1229
2019-02-11T22:48:25.000Z, 1237
2011-10-04T16:12:41.000Z, 506
2009-04-21T06:13:14.000Z, 1565
2009-05-22T03:34:52.000Z, 833
2011-09-19T00:12:45.000Z, 657
2017-06-30T21:56:53.000Z, 1426
2017-02-22T23:55:32.000Z, 2679
2011-10-16T21:39:09.000Z, 888
2010-07-12T03:18:17.000Z, 874
2014-03-22T20:51:10.000Z, 1693
2018-07-26T19:39:03.000Z, 1822
2008-10-02T08:00:36.000Z, 1375
2011-10-18T01:26:06.000Z, 620
2011-07-13T01:42:37.000Z, 927
2011-10-15T05:14:42.000Z, 838
2013-04-03T18:59:54.000Z, 1024
2015-08-11T10:39:22.000Z, 1100
2010-02-20T22:12:20.000Z, 905
2011-10-17T12:35:26.000Z, 1186
2011-07-30T03:39:22.000Z, 866
2008-11-02T08:05:40.000Z, 771
2011-10-18T13:57:17.000Z, 638
2011-10-15T18:52:35.000Z, 948
2010-08-26T05:30:15.000Z, 636
2012-01-03T21:57:10.000Z, 1017
2008-07-26T09:51:49.000Z, 696
2011-10-08T00:25:51.000Z, 647
2011-09-30T23:03:59.000Z, 838
2020-07-07T07:38:04.000Z, 1523
2010-05-16T00:25:54.000Z, 568
2011-10-15T12:40:42.000Z, 1310
2011-08-31T19:49:03.000Z, 561
2009-08-11T15:39:58.000Z, 533
2011-07-21T13:24:51.000Z, 2030
2009-05-14T17:25:50.000Z, 729
2011-04-28T00:46:16.000Z, 1149
2011-06-20T08:07:05.000Z, 908
2012-04-17T08:15:15.000Z, 1475
2010-09-07T00:41:35.000Z, 523
2010-05-10T23:36:40.000Z, 1604
2011-10-18T23:30:49.000Z, 407
2011-10-04T16:54:11.000Z, 991
2025-09-09T06:52:35.000Z, 1825
2012-01-25T05:05:34.000Z, 993
2011-06-23T03:39:21.000Z, 347
2011-10-05T18:57:47.000Z, 629
2010-10-28T21:00:19.000Z, 612
2008-07-26T15:30:53.000Z, 1104
2011-08-25T20:05:25.000Z, 683
2010-10-23T16:07:30.000Z, 738
2011-10-02T00:50:39.000Z, 756
2010-08-15T02:46:20.000Z, 543
2011-07-21T19:08:04.000Z, 814
2010-06-05T17:05:16.000Z, 646
2011-08-03T00:32:26.000Z, 2005
2011-08-18T03:33:30.000Z, 959
2011-10-19T20:53:50.000Z, 565
2011-10-24T14:51:39.000Z, 596
2011-11-14T07:51:07.000Z, 784
2011-11-02T18:51:00.000Z, 660
2011-10-28T01:00:18.000Z, 575
2011-11-05T15:17:35.000Z, 476
2011-10-26T21:09:59.000Z, 690
2011-11-11T03:44:10.000Z, 831
2011-08-07T00:20:51.000Z, 1031
2011-11-10T05:00:58.000Z, 1114
2011-11-15T14:40:05.000Z, 819
2011-08-13T00:45:08.000Z, 1307
2011-11-11T04:27:33.000Z, 586
2011-10-27T18:31:18.000Z, 2412
2011-11-19T07:56:34.000Z, 622
2011-11-17T20:53:30.000Z, 909
2011-11-19T23:00:37.000Z, 535
2021-05-29T23:23:53.000Z, 1552
2011-11-06T19:17:28.000Z, 1113
2011-11-23T19:43:44.000Z, 488
2012-01-18T10:20:41.000Z, 1151
2011-12-18T04:53:59.000Z, 615
2011-08-26T20:03:21.000Z, 425
2011-11-15T19:38:25.000Z, 1038
2012-01-31T17:26:01.000Z, 811
2012-01-11T02:59:41.000Z, 567
2011-12-05T21:21:12.000Z, 913
2011-12-07T17:56:02.000Z, 692
2011-11-29T07:56:05.000Z, 1107
2011-12-12T03:48:37.000Z, 1115
2012-02-04T08:33:29.000Z, 1299
2011-12-15T02:38:46.000Z, 556
2012-01-16T23:45:12.000Z, 1448
2011-11-20T16:32:24.000Z, 1236
2012-02-07T23:32:23.000Z, 2023
2018-11-18T05:12:37.000Z, 1008
2012-01-20T01:49:54.000Z, 813
2012-02-05T04:12:58.000Z, 1738
2012-02-05T00:57:56.000Z, 595
2013-09-06T19:46:03.000Z, 781
2011-11-17T21:54:52.000Z, 1761
2012-02-28T04:15:38.000Z, 993
2012-02-27T23:35:27.000Z, 585
2012-02-11T22:38:22.000Z, 287
2024-06-12T20:29:31.000Z, 1909
2011-12-02T22:46:04.000Z, 1011
2012-02-11T05:13:41.000Z, 1102
2012-02-19T01:47:01.000Z, 482
2012-01-11T04:48:39.000Z, 2786
2011-08-22T04:39:29.000Z, 1645
2012-03-04T13:03:19.000Z, 1913
2012-02-19T04:55:12.000Z, 715
2012-02-17T22:20:16.000Z, 510
2012-03-22T19:11:38.000Z, 1168
2012-02-05T06:42:40.000Z, 1937
2012-04-03T23:44:36.000Z, 436
2012-04-05T19:29:05.000Z, 832
2012-04-09T16:55:22.000Z, 657
2011-08-23T15:49:25.000Z, 503
2012-04-15T22:37:12.000Z, 1434
2011-11-30T21:45:01.000Z, 544
2012-01-29T04:47:36.000Z, 737
2012-04-16T18:52:28.000Z, 589
2012-04-11T16:40:23.000Z, 632
2011-11-11T03:49:37.000Z, 928
2012-04-24T18:05:20.000Z, 663
2012-01-31T04:38:57.000Z, 641
2011-10-12T18:36:08.000Z, 1398
2012-02-22T19:12:52.000Z, 720
2012-01-13T21:38:45.000Z, 1485
2012-04-18T22:22:48.000Z, 835
2012-03-01T04:24:17.000Z, 1341
2015-12-11T03:17:41.000Z, 2174
2012-03-11T04:00:52.000Z, 611
2012-03-27T21:09:29.000Z, 1694
2012-04-30T22:32:53.000Z, 2345
2011-10-25T03:03:22.000Z, 637
2011-11-14T15:18:57.000Z, 903
2011-12-28T05:12:56.000Z, 582
2011-11-27T17:53:33.000Z, 899
2011-11-28T19:27:51.000Z, 849
2012-01-21T07:26:44.000Z, 1529
2012-01-16T18:22:16.000Z, 1332
2011-12-05T17:42:39.000Z, 596
2011-08-13T04:42:53.000Z, 830
2011-12-02T14:12:51.000Z, 1083
2012-03-02T23:25:25.000Z, 924
2012-04-27T03:59:44.000Z, 560
2012-01-05T07:02:06.000Z, 747
2012-04-28T01:56:32.000Z, 872
2012-04-30T13:33:21.000Z, 559
2014-12-27T17:28:43.000Z, 2545
2012-01-04T17:39:26.000Z, 481
2025-07-19T15:19:14.000Z, 1082
2012-03-03T21:32:42.000Z, 434
2012-02-08T18:16:18.000Z, 1281
2011-10-19T14:21:37.000Z, 1547
2012-01-20T13:16:33.000Z, 1465
2011-08-11T07:30:41.000Z, 1211
2012-03-01T19:24:32.000Z, 808
2012-03-06T01:55:22.000Z, 471
2012-05-05T02:06:42.000Z, 827
2012-01-14T22:32:13.000Z, 408
2012-01-30T23:17:11.000Z, 698
2012-03-14T05:46:42.000Z, 672
2012-02-22T21:25:45.000Z, 1352
2011-10-26T02:53:32.000Z, 817
2011-08-12T00:23:00.000Z, 777
2012-04-02T22:33:58.000Z, 1288
2012-04-18T12:32:53.000Z, 911
2012-05-05T18:23:14.000Z, 1276
2012-04-27T07:09:26.000Z, 1903
2012-03-02T21:30:17.000Z, 925
2013-08-12T13:57:13.000Z, 1271
2012-05-24T12:25:57.000Z, 635
2015-04-29T15:26:11.000Z, 1010
2012-05-10T12:18:15.000Z, 1513
2012-05-10T15:53:00.000Z, 615
2012-05-11T01:08:54.000Z, 1285
2011-12-29T10:57:14.000Z, 2368
2012-05-15T12:59:23.000Z, 867
2013-10-12T03:16:52.000Z, 685
2012-05-25T03:05:20.000Z, 1692
2012-05-29T20:07:41.000Z, 575
2012-05-11T15:50:45.000Z, 1137
2012-05-31T11:43:48.000Z, 1666
2012-06-23T03:45:55.000Z, 955
2012-05-30T12:21:56.000Z, 580
2012-05-17T16:40:53.000Z, 1284
2012-05-30T04:21:04.000Z, 536
2012-03-16T23:07:00.000Z, 1131
2011-11-08T21:41:55.000Z, 521
2012-05-13T02:36:12.000Z, 715
2011-12-12T21:11:20.000Z, 978
2012-06-15T18:54:56.000Z, 1958
2012-05-18T09:58:51.000Z, 1396
2013-04-01T04:25:58.000Z, 1560
2012-06-11T08:02:51.000Z, 723
2018-07-09T17:06:26.000Z, 926
2012-05-18T10:08:05.000Z, 1023
2012-05-19T06:36:14.000Z, 1073
2012-06-04T16:29:18.000Z, 1526
2012-05-20T18:05:40.000Z, 1649
2012-07-23T03:15:13.000Z, 1386
2012-06-05T14:57:15.000Z, 2528
2012-02-03T07:53:27.000Z, 2139
2012-06-28T03:25:53.000Z, 549
2014-08-03T08:07:26.000Z, 524
2012-02-29T20:39:11.000Z, 1049
2012-06-24T01:34:58.000Z, 661
2012-07-03T03:46:16.000Z, 1275
2012-05-31T01:51:09.000Z, 1259
2012-04-23T17:53:34.000Z, 803
2012-06-16T19:54:09.000Z, 77
2014-09-15T03:20:15.000Z, 890
2012-03-23T22:49:37.000Z, 752
2012-07-01T13:45:30.000Z, 1514
2012-05-16T23:27:59.000Z, 499
2012-04-17T22:04:50.000Z, 815
2025-08-22T22:35:54.000Z, 2218
2012-06-06T17:55:00.000Z, 533
2017-01-22T18:58:20.000Z, 1649
2012-07-02T18:26:40.000Z, 642
2012-02-05T02:35:14.000Z, 823
2012-04-19T12:49:06.000Z, 1534
2012-07-15T08:39:55.000Z, 2495
2012-06-13T16:31:13.000Z, 1222
2012-05-16T17:34:51.000Z, 1273
2012-08-16T05:53:45.000Z, 990
2012-01-15T06:09:08.000Z, 1608
2012-03-10T23:20:34.000Z, 623
2012-07-28T06:55:45.000Z, 1654
2012-05-04T00:26:15.000Z, 348
2012-09-07T17:02:58.000Z, 947
2012-08-22T15:13:06.000Z, 1762
2012-02-23T21:43:48.000Z, 803
2016-01-29T01:22:09.000Z, 822
2012-05-23T05:43:04.000Z, 344
2012-08-25T22:47:34.000Z, 1054
2011-11-30T14:21:27.000Z, 722
2012-07-23T19:46:44.000Z, 2726
2011-11-20T20:25:26.000Z, 816
2012-08-31T22:01:16.000Z, 656
2012-05-11T18:35:55.000Z, 1013
2012-08-04T11:34:52.000Z, 1264
2012-07-04T03:19:47.000Z, 790
2012-06-15T18:53:15.000Z, 614
2012-06-21T23:26:34.000Z, 1333
2012-02-13T13:33:33.000Z, 530
2014-12-28T17:47:10.000Z, 971
2012-02-06T05:49:16.000Z, 942
2012-01-04T04:31:15.000Z, 944
2012-01-01T05:19:15.000Z, 824
2019-07-30T13:59:12.000Z, 1058
2012-03-05T03:28:40.000Z, 1420
2012-04-30T04:13:43.000Z, 1306
2012-08-01T20:33:56.000Z, 640
2012-05-16T15:14:37.000Z, 409
2012-04-19T21:19:45.000Z, 1199
2012-03-16T17:13:14.000Z, 633
2012-06-28T00:57:57.000Z, 945
2012-05-05T06:28:38.000Z, 1402
2012-07-30T01:30:57.000Z, 564
2012-10-05T18:36:22.000Z, 1067
2011-12-11T06:50:08.000Z, 1501
2012-08-05T11:20:14.000Z, 737
2012-08-24T05:57:24.000Z, 1467
2012-09-29T05:34:12.000Z, 1087
2012-04-27T05:59:28.000Z, 1695
2012-01-19T16:52:51.000Z, 928
2012-05-23T02:03:41.000Z, 1042
2012-07-02T18:28:59.000Z, 1138
2012-03-02T00:22:29.000Z, 496
2012-03-09T03:03:18.000Z, 631
2012-08-30T04:50:12.000Z, 681
2012-06-03T11:06:48.000Z, 1523
2012-09-30T20:44:05.000Z, 551
2025-08-07T17:35:29.000Z, 1484
2012-04-25T02:29:35.000Z, 1493
2012-05-06T02:38:54.000Z, 997
2012-07-16T17:49:32.000Z, 1445
2018-07-12T12:16:12.000Z, 2618
2012-05-23T08:50:37.000Z, 1061
2012-08-05T14:30:29.000Z, 1228
2011-12-12T18:47:53.000Z, 731
2012-03-31T08:44:58.000Z, 1411
2012-07-15T09:30:17.000Z, 1736
2012-08-04T11:10:21.000Z, 632
2012-06-06T17:26:17.000Z, 1164
2012-10-12T19:38:03.000Z, 1093
2012-11-15T06:47:14.000Z, 1382
2012-04-22T16:15:59.000Z, 863
2012-08-30T01:31:08.000Z, 802
2013-01-06T00:31:40.000Z, 700
2012-05-19T00:37:01.000Z, 811
2012-11-25T10:57:03.000Z, 1880
2011-11-02T00:24:08.000Z, 702
2011-12-06T03:18:40.000Z, 461
2012-03-11T02:23:06.000Z, 680
2012-07-15T12:26:46.000Z, 1014
2012-11-25T18:24:37.000Z, 900
2013-01-09T02:36:11.000Z, 835
2012-12-24T01:22:22.000Z, 854
2018-07-01T18:57:06.000Z, 1946
2013-01-12T22:19:49.000Z, 849
2013-01-10T00:52:58.000Z, 1959
2012-06-08T10:26:23.000Z, 1393
2012-06-27T01:48:20.000Z, 1987
2013-01-13T23:36:27.000Z, 712
2012-12-11T16:52:04.000Z, 1056
2012-08-08T00:59:03.000Z, 796
2013-01-18T05:25:05.000Z, 1582
2013-03-05T15:38:50.000Z, 1988
2013-01-30T04:05:08.000Z, 553
2012-10-06T04:42:52.000Z, 980
2011-10-27T04:52:50.000Z, 449
2013-02-14T21:14:54.000Z, 1283
2012-04-29T08:26:48.000Z, 547
2012-12-17T20:25:15.000Z, 2567
2012-05-12T00:30:46.000Z, 764
2013-01-10T22:19:19.000Z, 1593
2012-04-07T18:01:07.000Z, 626
2012-11-30T03:00:16.000Z, 1287
2013-02-26T18:12:06.000Z, 472
2012-06-26T02:12:02.000Z, 512
2012-02-23T08:12:24.000Z, 1022
2013-03-18T22:43:36.000Z, 884
2012-03-18T16:39:14.000Z, 816
2013-04-04T03:55:09.000Z, 1172
2013-05-01T19:58:17.000Z, 768
2012-12-02T22:22:54.000Z, 2006
2013-05-01T21:46:42.000Z, 1885
2013-05-10T02:24:39.000Z, 936
2012-05-04T03:33:52.000Z, 927
2013-04-30T23:31:38.000Z, 846
2013-05-04T19:31:39.000Z, 1014
2012-02-24T08:41:01.000Z, 646
2012-05-18T18:48:04.000Z, 347
2013-04-14T21:29:04.000Z, 1040
2012-12-14T02:54:44.000Z, 353
2013-06-04T22:32:17.000Z, 1615
2013-02-20T14:06:48.000Z, 1575
2012-12-02T01:25:43.000Z, 1025
2013-01-02T17:43:13.000Z, 869
2013-05-17T05:34:33.000Z, 1550
2012-03-08T18:00:58.000Z, 902
2012-03-06T00:02:18.000Z, 440
2012-04-22T04:01:57.000Z, 1553
2012-05-24T00:04:25.000Z, 1885
2012-07-02T12:15:55.000Z, 2642
2024-06-28T21:35:38.000Z, 2570
2013-03-08T09:55:56.000Z, 966
2012-04-30T22:22:52.000Z, 433
2012-05-27T23:33:59.000Z, 2173
2013-03-23T20:58:27.000Z, 1363
2012-04-19T22:24:39.000Z, 1168
2012-08-01T09:52:09.000Z, 755
2013-03-10T03:28:34.000Z, 1146
2018-06-28T23:44:47.000Z, 704
2012-06-26T08:41:47.000Z, 867
2012-04-28T14:55:13.000Z, 2196
2012-11-23T22:15:40.000Z, 542
2012-06-01T22:44:33.000Z, 708
2012-06-05T16:17:02.000Z, 1250
2013-03-17T02:33:06.000Z, 956
2012-05-18T04:21:27.000Z, 1655
2012-08-20T22:09:08.000Z, 1738
2012-04-25T19:28:33.000Z, 2282
2012-10-18T18:09:20.000Z, 1224
2012-10-28T08:48:53.000Z, 810
2013-04-01T09:06:15.000Z, 882
2012-07-04T18:07:20.000Z, 964
2013-02-03T12:55:52.000Z, 1281
2013-05-17T16:26:55.000Z, 1174
2012-10-28T18:36:20.000Z, 1298
2012-07-24T16:52:35.000Z, 1438
2012-04-09T17:59:49.000Z, 535
2012-10-31T18:56:04.000Z, 598
2012-06-01T04:16:38.000Z, 806
2014-01-20T04:10:12.000Z, 1033
2013-06-09T21:11:22.000Z, 439
2012-05-01T21:01:58.000Z, 837
2011-08-16T06:56:50.000Z, 912
2013-03-06T06:27:00.000Z, 1113
2012-03-24T01:45:20.000Z, 1736
2013-03-01T06:42:19.000Z, 1060
2012-05-22T03:58:18.000Z, 1359
2013-01-01T01:23:29.000Z, 1221
2012-07-06T08:51:50.000Z, 711
2013-09-26T04:47:17.000Z, 987
2013-03-20T02:48:05.000Z, 1145
2012-06-10T00:29:52.000Z, 1253
2012-09-03T08:29:13.000Z, 1640
2012-05-31T16:23:06.000Z, 2702
2013-01-29T05:41:05.000Z, 787
2012-07-25T06:11:48.000Z, 1443
2012-06-02T05:43:29.000Z, 1270
2013-04-28T12:52:56.000Z, 960
2013-05-01T23:03:56.000Z, 1060
2013-06-26T14:59:54.000Z, 626
2012-08-03T04:42:53.000Z, 1095
2012-03-17T20:32:44.000Z, 889
2013-01-05T21:34:24.000Z, 2460
2012-05-14T21:12:41.000Z, 638
2013-06-22T23:15:12.000Z, 1088
2012-08-26T23:33:44.000Z, 788
2013-07-03T02:41:06.000Z, 739
2013-08-20T18:04:47.000Z, 848
2012-02-03T11:00:43.000Z, 892
2013-07-17T18:43:52.000Z, 494
2012-09-30T00:58:23.000Z, 2404
2013-05-16T14:55:44.000Z, 1603
2012-05-11T20:58:14.000Z, 734
2012-06-27T01:46:37.000Z, 343
2012-05-14T10:58:34.000Z, 2012
2011-11-18T06:05:42.000Z, 570
2013-03-20T20:08:33.000Z, 1796
2013-08-16T21:32:32.000Z, 738
2013-02-28T02:45:08.000Z, 670
2025-09-04T01:14:08.000Z, 807
2013-09-17T22:42:51.000Z, 1426
2012-08-25T20:18:58.000Z, 627
2013-05-11T06:31:05.000Z, 864
2012-04-05T13:13:00.000Z, 1519
2012-09-25T00:28:09.000Z, 1123
2013-09-15T06:44:47.000Z, 944
2013-10-07T18:35:20.000Z, 791
2012-05-18T15:46:14.000Z, 1752
2013-10-10T01:19:10.000Z, 894
2012-08-21T22:34:29.000Z, 598
2013-10-23T05:37:48.000Z, 573
2012-06-07T00:54:49.000Z, 1596
2012-08-12T17:20:50.000Z, 599
2023-06-13T19:43:14.000Z, 2614
2013-03-05T19:36:30.000Z, 725
2016-11-17T23:06:12.000Z, 1351
2013-06-10T07:53:37.000Z, 1508
2013-05-16T16:57:59.000Z, 685
2013-05-07T01:34:10.000Z, 1939
2012-07-31T06:42:16.000Z, 1563
2012-08-10T05:17:34.000Z, 941
2012-06-04T22:30:41.000Z, 1008
2012-06-15T11:37:45.000Z, 2099
2012-05-23T22:31:06.000Z, 429
2012-09-29T22:59:53.000Z, 595
2012-06-04T01:33:32.000Z, 1298
2013-05-02T23:31:05.000Z, 1624
2012-11-21T19:07:11.000Z, 859
2013-03-09T21:41:09.000Z, 497
2012-06-06T04:40:14.000Z, 512
2012-05-13T11:42:54.000Z, 1076
2012-12-31T21:54:19.000Z, 1135
2014-08-10T20:51:17.000Z, 2002
2012-01-15T03:22:58.000Z, 716
2014-12-24T10:04:15.000Z, 748
2012-05-20T21:00:00.000Z, 607
2012-05-25T12:30:45.000Z, 882
2013-07-27T11:29:04.000Z, 1383
2013-07-14T19:26:39.000Z, 694
2012-08-03T16:23:34.000Z, 826
2012-07-02T19:18:27.000Z, 1582
2012-10-05T16:23:54.000Z, 714
2013-08-03T10:58:56.000Z, 2267
2013-07-09T00:49:16.000Z, 971
2013-01-04T18:16:23.000Z, 843
2012-05-05T11:47:20.000Z, 450
2012-07-10T08:13:14.000Z, 5650
2013-04-29T16:40:17.000Z, 699
2012-07-09T21:28:25.000Z, 2070
2013-04-14T06:05:56.000Z, 1253
2013-09-02T22:43:21.000Z, 1259
2012-12-09T08:51:57.000Z, 1469
2013-10-07T15:13:07.000Z, 936
2013-02-08T16:30:07.000Z, 1090
2012-05-11T10:32:52.000Z, 831
2012-07-21T02:53:52.000Z, 485
2013-10-09T16:26:14.000Z, 870
2013-10-27T20:59:37.000Z, 652
2012-08-25T23:30:37.000Z, 1803
2013-01-06T03:03:18.000Z, 1484
2013-09-12T13:44:29.000Z, 1908
2012-06-15T15:32:37.000Z, 1029
2012-09-26T20:45:55.000Z, 607
2013-08-01T11:47:01.000Z, 769
2013-04-23T04:47:45.000Z, 709
2021-08-26T19:53:20.000Z, 430
2013-02-05T23:59:05.000Z, 1463
2013-07-17T22:26:48.000Z, 600
2012-07-26T16:54:34.000Z, 1850
2011-08-06T05:52:16.000Z, 1051
2013-06-24T01:56:14.000Z, 1085
2012-04-30T23:53:57.000Z, 667
2013-10-29T03:54:19.000Z, 916
2012-08-01T03:23:41.000Z, 593
2012-06-28T01:38:34.000Z, 703
2012-05-01T07:29:06.000Z, 1804
2011-12-18T18:57:04.000Z, 807
2012-12-07T22:19:12.000Z, 686
2012-08-11T07:11:16.000Z, 1436
2013-10-20T07:44:59.000Z, 1007
2013-11-15T07:45:31.000Z, 1968
2012-05-15T19:22:16.000Z, 713
2013-11-04T03:14:06.000Z, 1532
2013-09-16T03:07:20.000Z, 985
2018-06-03T12:31:26.000Z, 1614
2012-08-13T08:17:50.000Z, 553
2013-08-07T23:50:41.000Z, 1685
2016-12-17T19:00:59.000Z, 842
2012-02-04T10:06:47.000Z, 1385
2013-01-16T17:50:25.000Z, 1020
2013-10-10T16:52:06.000Z, 965
2012-06-04T22:54:41.000Z, 1678
2013-02-23T06:39:26.000Z, 496
2013-02-09T06:57:55.000Z, 1627
2013-02-04T21:08:21.000Z, 1219
2012-07-07T19:27:15.000Z, 1263
2013-04-30T18:14:47.000Z, 653
2013-03-07T18:17:30.000Z, 401
2012-09-12T19:14:44.000Z, 1053
2012-03-07T04:39:23.000Z, 380
2013-05-11T06:31:09.000Z, 941
2013-11-14T06:46:16.000Z, 780
2012-11-22T14:16:58.000Z, 558
2012-10-14T02:50:27.000Z, 1714
2025-08-16T19:01:14.000Z, 11819
2013-08-12T02:06:56.000Z, 1309
2013-05-09T22:35:15.000Z, 751
2013-09-17T18:40:37.000Z, 1545
2013-10-22T06:07:55.000Z, 780
2012-06-23T04:31:07.000Z, 640
2013-09-07T00:46:04.000Z, 773
2013-11-14T15:53:00.000Z, 647
2012-07-21T03:09:08.000Z, 368
2013-11-18T02:46:46.000Z, 1181
2013-09-15T01:17:22.000Z, 1031
2013-02-26T03:03:07.000Z, 2350
2013-10-06T05:05:38.000Z, 1358
2025-10-20T16:35:08.000Z, 674
2012-06-30T02:56:23.000Z, 1592
2012-02-27T06:10:29.000Z, 824
2013-03-09T01:02:23.000Z, 1161
2012-11-21T18:49:18.000Z, 1912
2013-03-17T03:25:32.000Z, 580
2013-01-25T06:08:46.000Z, 1372
2013-03-22T03:57:41.000Z, 935
2013-11-08T05:05:51.000Z, 1841
2021-05-11T23:04:14.000Z, 1308
2025-04-21T20:06:30.000Z, 2910
2012-07-24T15:05:41.000Z, 1262
2012-06-06T22:47:51.000Z, 1656
2013-06-30T16:34:37.000Z, 658
2012-10-11T01:21:39.000Z, 978
2013-01-20T01:39:31.000Z, 997
2013-09-12T22:12:39.000Z, 739
2012-05-07T00:28:58.000Z, 530
2013-10-10T21:01:11.000Z, 1300
2012-12-25T19:46:52.000Z, 822
2013-07-11T21:53:27.000Z, 1573
2012-11-06T23:31:44.000Z, 712
2012-04-19T09:37:16.000Z, 1141
2013-05-02T05:59:07.000Z, 1857
2013-03-11T18:23:26.000Z, 952
2013-11-16T23:55:39.000Z, 771
2012-03-07T23:02:14.000Z, 366
2013-11-26T18:22:56.000Z, 838
2013-09-04T02:24:28.000Z, 1437
2013-12-08T01:33:34.000Z, 726
2012-03-28T06:36:20.000Z, 2985
2013-11-15T03:18:28.000Z, 1882
2013-11-14T18:12:55.000Z, 1805
2013-11-18T22:30:58.000Z, 3114
2012-06-22T20:07:35.000Z, 2584
2021-03-18T18:40:08.000Z, 2659
2012-08-17T18:06:20.000Z, 481
2013-11-05T06:05:28.000Z, 1617
2025-09-06T23:22:18.000Z, 937
2012-05-31T21:29:26.000Z, 918
2013-08-26T11:41:13.000Z, 1057
2013-07-08T16:27:21.000Z, 1107
2024-09-16T11:53:18.000Z, 650
2013-11-28T02:04:23.000Z, 764
2012-05-12T18:25:06.000Z, 647
2011-11-23T03:53:03.000Z, 788
2017-06-08T02:42:10.000Z, 2520
2018-06-27T01:57:51.000Z, 3018
2018-01-30T20:58:38.000Z, 3465
2012-04-27T22:37:37.000Z, 1136
2012-05-31T03:33:54.000Z, 1521
2012-06-25T21:21:59.000Z, 1421
2013-04-25T03:02:06.000Z, 1788
2013-02-17T21:41:45.000Z, 859
2012-04-19T06:51:37.000Z, 853
2013-03-22T17:27:09.000Z, 494
2013-06-14T00:11:08.000Z, 922
2012-09-18T04:50:24.000Z, 727
2021-05-16T21:15:47.000Z, 2690
2012-07-02T22:57:16.000Z, 731
2013-12-03T00:18:37.000Z, 1596
2013-11-18T17:58:53.000Z, 1823
2018-02-23T21:01:15.000Z, 2913
2013-01-12T01:48:58.000Z, 1850
2018-07-28T06:02:10.000Z, 468
2012-08-17T14:39:34.000Z, 514
2013-12-18T11:08:26.000Z, 995
2014-01-02T21:08:49.000Z, 734
2014-01-05T21:47:41.000Z, 1301
2012-06-12T23:16:13.000Z, 784
2013-03-27T04:18:01.000Z, 940
2013-03-25T05:03:38.000Z, 1094
2021-04-25T03:11:07.000Z, 2155
2013-03-19T19:49:35.000Z, 871
2012-04-20T17:59:52.000Z, 1438
2013-01-25T20:06:12.000Z, 1059
2012-12-10T05:17:36.000Z, 1363
2013-11-07T05:00:01.000Z, 548
2012-06-06T05:58:44.000Z, 819
2013-11-26T16:48:27.000Z, 652
2013-12-20T20:11:02.000Z, 1415
2012-06-25T21:15:26.000Z, 823
2013-04-30T20:35:15.000Z, 918
2013-10-01T22:34:56.000Z, 276
2012-12-01T19:04:03.000Z, 1217
2013-04-24T22:12:47.000Z, 776
2013-12-31T10:02:03.000Z, 1407
2012-05-25T09:13:12.000Z, 1052
2012-11-28T02:15:52.000Z, 929
2012-07-28T07:46:59.000Z, 1690
2012-12-03T23:11:20.000Z, 898
2013-03-10T21:56:33.000Z, 943
2013-04-26T19:35:24.000Z, 750
2014-02-06T13:22:26.000Z, 1143
2013-02-20T22:12:23.000Z, 882
2012-05-08T07:32:49.000Z, 1079
2013-02-26T01:25:37.000Z, 904
2013-04-06T02:54:46.000Z, 1234
2012-06-12T23:51:24.000Z, 759
2012-05-06T13:05:25.000Z, 480
2012-09-07T00:23:57.000Z, 1182
2013-03-06T12:57:38.000Z, 1943
2013-03-09T19:42:10.000Z, 881
2012-11-16T23:57:25.000Z, 410
2012-03-22T16:53:42.000Z, 946
2012-07-13T20:22:25.000Z, 603
2013-03-11T22:24:14.000Z, 1453
2013-05-15T17:11:09.000Z, 702
2012-05-27T14:27:28.000Z, 1463
2013-01-01T15:07:38.000Z, 1336
2024-12-12T20:53:01.000Z, 2894
2013-03-07T22:25:18.000Z, 387
2013-03-18T23:16:41.000Z, 1873
2012-08-30T23:33:15.000Z, 1102
2012-05-06T19:02:51.000Z, 806
2013-12-17T02:16:38.000Z, 586
2012-06-06T14:51:51.000Z, 850
2013-10-25T23:05:19.000Z, 4815
2012-05-11T03:03:37.000Z, 1558
2014-01-28T04:41:50.000Z, 1132
2014-01-03T12:43:25.000Z, 2024
2013-01-31T18:00:49.000Z, 528
2012-05-15T13:35:13.000Z, 1451
2012-02-21T21:40:19.000Z, 450
2013-02-09T21:02:04.000Z, 1928
2012-11-27T01:33:11.000Z, 1048
2014-01-27T23:51:02.000Z, 474
2013-06-08T05:07:05.000Z, 872
2020-10-16T01:45:06.000Z, 2093
2014-01-26T00:39:09.000Z, 908
2012-06-29T19:24:17.000Z, 3719
2013-11-03T02:27:29.000Z, 1716
2014-01-16T11:59:13.000Z, 1292
2013-10-20T22:48:38.000Z, 1032
2013-11-15T15:39:36.000Z, 1809
2014-01-31T17:11:31.000Z, 1053
2012-05-19T19:40:24.000Z, 698
2013-11-04T02:27:20.000Z, 775
2013-08-15T18:28:04.000Z, 1345
2012-08-25T05:37:04.000Z, 573
2014-07-11T08:21:15.000Z, 1009
2014-02-02T00:40:49.000Z, 2201
2014-01-08T05:51:48.000Z, 757
2011-11-19T04:53:24.000Z, 499
2014-01-30T21:45:23.000Z, 1180
2013-12-21T17:58:23.000Z, 888
2013-10-19T18:38:59.000Z, 1159
2012-09-08T11:20:35.000Z, 1282
2013-05-23T22:44:36.000Z, 621
2013-12-26T21:06:09.000Z, 540
2014-02-07T03:16:36.000Z, 661
2018-07-09T01:35:28.000Z, 468
2012-05-25T13:21:48.000Z, 767
2013-12-21T02:22:06.000Z, 495
2013-09-23T18:58:58.000Z, 656
2012-08-09T18:11:38.000Z, 1286
2014-01-11T00:50:51.000Z, 1817
2012-05-03T20:32:40.000Z, 920
2018-03-25T01:19:24.000Z, 1021
2013-01-01T06:24:57.000Z, 1566
2014-01-07T16:49:54.000Z, 2155
2013-07-06T04:01:09.000Z, 294
2011-08-17T11:00:38.000Z, 746
2012-08-11T07:29:53.000Z, 1168
2013-08-27T06:56:53.000Z, 958
2013-05-08T03:00:57.000Z, 1330
2012-08-09T23:58:38.000Z, 683
2014-01-14T02:02:06.000Z, 853
2013-10-24T01:21:55.000Z, 617
2014-02-08T03:44:46.000Z, 925
2013-11-26T05:57:48.000Z, 626
2013-06-23T06:26:56.000Z, 566
2014-02-11T02:53:58.000Z, 1008
2012-08-16T11:20:28.000Z, 2283
2012-08-26T04:37:11.000Z, 1053
2013-05-11T06:31:14.000Z, 1163
2014-02-13T10:36:31.000Z, 812
2012-02-08T05:01:39.000Z, 814
2021-05-12T00:35:53.000Z, 2196
2013-12-16T14:26:52.000Z, 325
2012-10-21T20:41:29.000Z, 1026
2013-04-09T13:54:20.000Z, 767
2012-05-07T10:52:15.000Z, 1196
2013-11-29T19:28:21.000Z, 445
2014-02-03T20:44:05.000Z, 1034
2012-04-02T14:56:03.000Z, 1023
2014-02-04T02:05:17.000Z, 1062
2014-02-17T12:36:52.000Z, 1160
2012-09-02T13:57:27.000Z, 982
2013-08-07T18:32:53.000Z, 2017
2012-06-17T03:01:15.000Z, 708
2014-01-25T00:56:02.000Z, 1348
2013-04-11T13:10:58.000Z, 617
2021-04-19T02:56:56.000Z, 2670
2012-02-23T08:22:56.000Z, 866
2018-06-29T03:04:56.000Z, 390
2012-09-27T20:40:04.000Z, 1128
2012-04-14T04:01:51.000Z, 1043
2013-02-26T09:27:21.000Z, 868
2012-12-18T22:06:38.000Z, 1758
2014-09-26T00:30:37.000Z, 1406
2013-09-14T22:27:46.000Z, 2186
2013-12-26T04:21:00.000Z, 1168
2025-07-24T16:00:24.000Z, 449
2013-06-05T18:53:25.000Z, 1497
2013-09-27T01:45:14.000Z, 879
2019-01-16T02:22:22.000Z, 1439
2012-04-25T05:05:33.000Z, 1970
2013-12-15T03:10:09.000Z, 1852
2013-07-02T22:01:52.000Z, 1249
2013-10-23T18:18:14.000Z, 1504
2012-08-07T20:41:44.000Z, 906
2013-04-10T22:56:27.000Z, 1755
2013-07-20T08:21:28.000Z, 893
2012-07-10T17:06:23.000Z, 805
2012-07-21T03:02:57.000Z, 1082
2012-12-02T02:36:27.000Z, 704
2012-05-02T20:08:31.000Z, 895
2012-07-05T18:34:48.000Z, 809
2012-07-04T03:15:36.000Z, 914
2013-03-10T18:32:17.000Z, 1027
2013-01-17T19:29:53.000Z, 466
2013-04-11T00:32:39.000Z, 784
2012-05-25T04:59:15.000Z, 1165
2015-04-13T22:44:23.000Z, 27370
2013-02-14T04:11:23.000Z, 1029
2012-08-23T08:48:59.000Z, 1295
2012-04-21T08:08:20.000Z, 1679
2013-04-23T05:49:16.000Z, 1664
2013-02-03T09:31:31.000Z, 383
2013-07-15T11:52:45.000Z, 1623
2013-10-14T18:18:33.000Z, 744
2013-10-17T20:08:41.000Z, 654
2014-01-25T20:37:38.000Z, 1589
2013-10-10T19:46:12.000Z, 814
2014-01-27T00:30:06.000Z, 2085
2012-05-01T01:18:59.000Z, 512
2013-07-19T04:14:15.000Z, 1053
2013-09-26T03:32:11.000Z, 1289
2013-10-11T19:27:39.000Z, 1423
2015-01-10T01:03:40.000Z, 577
2013-06-11T22:48:44.000Z, 1126
2014-01-18T01:15:07.000Z, 721
2018-08-01T17:21:11.000Z, 623
2014-01-29T18:45:13.000Z, 1587
2014-01-29T10:26:23.000Z, 1126
2014-02-04T02:48:41.000Z, 1017
2013-04-11T15:40:31.000Z, 998
2013-03-20T03:53:21.000Z, 1675
2012-05-09T14:35:55.000Z, 902
2014-02-12T23:44:14.000Z, 1737
2014-01-18T03:31:43.000Z, 1843
2012-09-07T04:23:26.000Z, 1051
2014-01-25T05:51:12.000Z, 1657
2014-02-17T20:34:21.000Z, 1575
2012-11-25T06:09:00.000Z, 1076
2013-10-29T10:39:09.000Z, 1461
2014-01-16T23:52:04.000Z, 2270
2012-10-07T14:34:31.000Z, 336
2019-06-24T04:02:11.000Z, 2759
2013-01-08T12:02:01.000Z, 1101
2013-04-04T19:47:01.000Z, 1115
2012-07-11T16:18:18.000Z, 1281
2012-05-05T06:16:25.000Z, 938
2012-11-18T05:32:46.000Z, 1179
2012-04-30T04:09:10.000Z, 494
2013-07-01T00:04:39.000Z, 1454
2013-08-07T09:28:02.000Z, 660
2012-04-22T08:34:48.000Z, 694
2012-06-26T07:33:47.000Z, 689
2014-05-07T12:07:43.000Z, 2447
2012-06-28T07:15:30.000Z, 1582
2013-09-20T05:02:27.000Z, 2626
2014-07-21T07:50:40.000Z, 1163
2012-06-20T07:00:28.000Z, 1482
2012-07-01T00:51:03.000Z, 1401
2013-11-09T02:14:24.000Z, 735
2016-05-26T20:44:33.000Z, 813
2014-01-23T05:41:21.000Z, 771
2013-02-16T21:30:55.000Z, 631
2012-07-04T03:09:35.000Z, 1576
2012-07-24T23:13:53.000Z, 808
2012-06-01T10:25:08.000Z, 1237
2013-01-17T03:30:20.000Z, 1169
2012-05-02T14:46:48.000Z, 2187
2013-10-11T02:23:48.000Z, 650
2012-12-04T06:16:17.000Z, 1058
2012-07-15T11:04:05.000Z, 2680
2013-05-21T10:04:10.000Z, 376
2018-06-02T15:02:14.000Z, 1717
2022-10-21T19:51:45.000Z, 2136
2012-06-02T01:20:01.000Z, 1745
2012-05-16T15:56:30.000Z, 1157
2012-05-22T22:56:54.000Z, 883
2012-06-08T16:05:05.000Z, 1993
2012-07-08T13:26:49.000Z, 2434
2012-08-23T16:42:28.000Z, 1184
2012-08-28T16:30:34.000Z, 787
2013-05-11T04:45:34.000Z, 1266
2013-10-24T17:53:56.000Z, 806
2013-03-19T01:10:49.000Z, 2193
2013-07-16T00:34:40.000Z, 914
2012-10-21T19:05:31.000Z, 1138
2012-06-17T21:38:39.000Z, 1127
2012-04-24T22:51:16.000Z, 838
2013-05-10T07:21:05.000Z, 1099
2013-01-31T23:38:51.000Z, 461
2013-05-03T14:47:07.000Z, 1199
2013-05-13T16:19:11.000Z, 723
2012-05-05T20:12:21.000Z, 2257
2013-11-08T00:48:32.000Z, 814
2018-07-07T16:49:17.000Z, 2515
2013-10-12T18:35:06.000Z, 1305
2013-06-18T20:38:07.000Z, 1214
2012-08-25T01:36:56.000Z, 492
2013-02-14T06:33:03.000Z, 1604
2013-11-30T19:57:07.000Z, 1014
2013-07-26T14:59:49.000Z, 559
2013-01-19T15:48:21.000Z, 674
2013-08-12T01:52:28.000Z, 1764
2018-09-25T15:10:45.000Z, 1594
2013-05-06T01:39:33.000Z, 1254
2012-05-25T19:32:26.000Z, 622
2013-05-31T07:46:37.000Z, 1024
2013-06-28T02:48:19.000Z, 973
2013-11-25T23:40:50.000Z, 2722
2012-11-18T04:29:36.000Z, 489
2013-06-26T05:02:19.000Z, 1772
2012-10-07T03:54:33.000Z, 656
2025-09-08T16:42:10.000Z, 897
2024-04-28T00:57:49.000Z, 1303
2014-01-25T03:26:05.000Z, 1349
2014-01-02T22:22:42.000Z, 874
2012-12-14T01:59:35.000Z, 2328
2012-03-29T04:54:48.000Z, 1924
2013-05-23T22:54:36.000Z, 1153
2013-05-29T00:24:35.000Z, 1478
2015-02-07T08:55:07.000Z, 2943
2012-04-29T23:06:35.000Z, 721
2013-02-16T08:37:12.000Z, 847
2013-02-16T20:25:18.000Z, 1090
2012-07-10T11:00:19.000Z, 1452
2013-12-09T19:04:09.000Z, 1040
2013-12-13T12:03:14.000Z, 725
2012-11-02T20:31:55.000Z, 931
2014-01-15T20:39:03.000Z, 1512
2013-08-05T04:26:23.000Z, 756
2013-07-15T02:56:38.000Z, 735
2012-04-07T18:19:21.000Z, 2497
2013-11-18T16:55:10.000Z, 1082
2014-02-06T02:41:26.000Z, 2465
2013-04-10T18:43:45.000Z, 1086
2013-10-03T16:55:32.000Z, 2046
2014-09-06T09:43:26.000Z, 2753
2012-08-28T04:03:10.000Z, 741
2012-07-27T02:01:20.000Z, 2078
2012-05-26T23:53:55.000Z, 942
2012-08-27T19:04:40.000Z, 1048
2013-12-10T00:06:12.000Z, 625
2012-10-03T20:43:35.000Z, 697
2013-04-27T00:08:27.000Z, 691
2012-07-08T04:39:35.000Z, 526
2013-11-14T23:07:29.000Z, 947
2014-01-25T01:24:06.000Z, 503
2012-06-01T08:12:31.000Z, 2168
2013-03-11T22:26:55.000Z, 548
2013-01-22T18:28:01.000Z, 989
2012-07-30T15:33:14.000Z, 795
2013-01-22T00:05:20.000Z, 1558
2012-06-28T22:42:01.000Z, 1492
2012-02-06T04:47:27.000Z, 675
2012-02-27T18:20:43.000Z, 629
2012-06-01T15:40:04.000Z, 571
2013-05-15T21:11:26.000Z, 1850
2012-07-17T19:25:38.000Z, 743
2013-06-06T00:19:39.000Z, 478
2012-05-03T00:08:52.000Z, 396
2012-06-07T23:36:26.000Z, 2193
2013-12-23T12:26:59.000Z, 816
2012-10-01T07:55:37.000Z, 612
2011-10-28T14:56:44.000Z, 821
2013-03-07T22:55:58.000Z, 534
2012-03-17T16:35:44.000Z, 5391
2013-12-27T07:11:14.000Z, 557
2013-01-13T22:30:00.000Z, 842
2012-10-06T07:02:26.000Z, 1378
2013-04-17T13:21:30.000Z, 1892
2012-01-25T21:22:37.000Z, 1141
2012-07-17T23:02:16.000Z, 329
2012-04-09T06:17:21.000Z, 786
2013-04-20T03:55:21.000Z, 1005
2013-03-03T04:00:05.000Z, 877
2013-09-10T01:35:24.000Z, 3170
2012-12-13T02:34:52.000Z, 643
2013-03-20T00:00:37.000Z, 754
2013-01-28T04:48:48.000Z, 764
2013-01-29T23:17:48.000Z, 1548
2023-10-25T13:45:09.000Z, 1748
2016-12-26T19:40:47.000Z, 1881
2012-10-19T02:13:52.000Z, 561
2013-08-17T18:25:14.000Z, 1515
2013-10-07T03:17:58.000Z, 851
2013-09-23T03:08:54.000Z, 2533
2013-05-01T13:24:41.000Z, 1848
2013-03-22T15:49:20.000Z, 774
2012-05-27T08:51:42.000Z, 1020
2018-06-27T19:56:31.000Z, 1515
2012-07-27T22:32:37.000Z, 1663
2012-05-30T06:17:46.000Z, 3241
2013-05-29T17:25:22.000Z, 1460
2012-07-17T12:28:22.000Z, 1494
2012-01-04T02:05:50.000Z, 558
2013-11-05T20:05:42.000Z, 983
2013-09-04T21:54:36.000Z, 1114
2020-02-25T13:52:05.000Z, 2441
2024-03-09T21:25:01.000Z, 3995
2013-02-28T20:07:41.000Z, 1512
2024-03-14T12:21:37.000Z, 5906
2012-08-06T21:12:48.000Z, 675
2013-05-22T20:56:29.000Z, 2144
2013-11-18T10:12:32.000Z, 1045
2013-12-21T13:38:09.000Z, 593
2014-06-03T18:08:10.000Z, 661
2013-12-26T17:34:38.000Z, 3542
2013-12-16T22:00:55.000Z, 4699
2013-03-12T20:48:43.000Z, 802
2012-06-05T03:46:35.000Z, 637
2012-08-07T00:02:11.000Z, 1262
2013-07-02T19:18:51.000Z, 914
2012-07-28T22:17:01.000Z, 990
2012-05-14T09:07:56.000Z, 902
2013-12-27T22:57:57.000Z, 1067
2013-03-14T22:57:40.000Z, 1376
2013-11-12T11:36:11.000Z, 2667
2013-10-02T12:10:44.000Z, 839
2012-04-12T03:20:20.000Z, 1566
2012-05-30T18:37:35.000Z, 1010
2013-11-25T08:18:32.000Z, 1725
2011-11-13T19:14:26.000Z, 899
2013-12-14T03:16:52.000Z, 1065
2013-11-23T16:50:07.000Z, 853
2012-08-12T20:06:42.000Z, 833
2013-06-23T17:36:23.000Z, 860
2013-10-20T15:54:54.000Z, 1225
2013-04-28T07:14:22.000Z, 703
2012-08-29T02:48:30.000Z, 1825
2011-11-16T11:45:47.000Z, 336
2012-06-17T20:55:27.000Z, 438
2012-03-10T21:41:04.000Z, 992
2013-03-12T04:17:24.000Z, 570
2012-02-10T02:29:31.000Z, 1152
2012-09-05T10:04:10.000Z, 584
2012-04-23T08:49:02.000Z, 1635
2012-05-22T12:00:02.000Z, 687
2013-02-09T22:27:00.000Z, 1022
2012-07-10T21:38:30.000Z, 1848
2012-04-25T02:49:46.000Z, 1166
2012-11-20T20:05:51.000Z, 555
2013-02-06T03:29:54.000Z, 645
2013-05-15T04:48:55.000Z, 1287
2012-05-15T15:28:14.000Z, 1081
2014-03-04T03:13:13.000Z, 807
2013-03-10T07:56:39.000Z, 555
2025-07-21T22:15:36.000Z, 801
2013-04-13T05:19:46.000Z, 700
2012-08-19T20:42:00.000Z, 1223
2012-02-18T23:32:50.000Z, 738
2012-12-06T20:45:02.000Z, 1251
2012-05-13T23:44:15.000Z, 1312
2012-07-04T00:31:03.000Z, 1207
2012-04-10T19:35:46.000Z, 2148
2025-10-18T23:27:39.000Z, 104
2013-01-23T04:58:49.000Z, 1690
2012-07-21T20:14:16.000Z, 3330
2013-03-12T06:40:51.000Z, 1548
2013-05-17T14:55:51.000Z, 816
2012-10-08T05:02:53.000Z, 1185
2012-07-08T17:08:59.000Z, 862
2012-06-12T12:34:41.000Z, 711
2012-06-04T23:36:09.000Z, 942
2014-07-17T19:26:24.000Z, 3561
2012-05-30T09:07:40.000Z, 773
2012-11-29T03:26:20.000Z, 614
2012-06-26T14:51:45.000Z, 659
2012-05-01T16:00:12.000Z, 749
2012-04-11T13:30:04.000Z, 836
2013-11-22T05:11:15.000Z, 3032
2013-11-29T19:51:32.000Z, 1885
2013-11-13T15:47:35.000Z, 1636
2025-08-05T22:35:09.000Z, 1651
2013-11-23T19:50:44.000Z, 1064
2013-11-22T05:43:27.000Z, 3097
2014-02-07T11:20:57.000Z, 1063
2013-12-04T03:50:38.000Z, 2267
2018-07-01T00:58:32.000Z, 902
2014-02-09T04:16:28.000Z, 1261
2014-04-17T03:01:54.000Z, 322
2014-02-16T17:44:25.000Z, 1178
2014-02-18T03:21:58.000Z, 1401
2013-11-22T05:01:06.000Z, 2245
2014-02-21T15:11:33.000Z, 766
2014-02-27T22:39:50.000Z, 1339
2014-02-23T23:06:57.000Z, 341
2014-02-13T06:36:24.000Z, 1859
2014-03-05T01:56:27.000Z, 1394
2014-03-06T23:59:28.000Z, 946
2013-11-22T18:33:53.000Z, 1041
2014-02-24T22:03:02.000Z, 731
2014-03-07T01:03:21.000Z, 1084
2014-06-09T05:21:01.000Z, 509
2014-03-17T20:20:19.000Z, 1157
2014-02-16T19:49:00.000Z, 1316
2014-03-18T01:31:41.000Z, 499
2014-03-20T23:14:17.000Z, 1244
2014-05-08T20:21:30.000Z, 664
2014-06-09T21:56:16.000Z, 1911
2014-06-18T17:33:13.000Z, 1077
2014-07-19T22:50:38.000Z, 1611
2014-02-10T23:10:02.000Z, 873
2014-09-03T22:24:43.000Z, 1101
2014-10-13T21:24:48.000Z, 957
2014-03-08T19:29:29.000Z, 969
2014-09-08T05:06:18.000Z, 692
2014-04-29T23:07:39.000Z, 661
2014-05-12T22:26:37.000Z, 3768
2013-11-22T14:01:25.000Z, 940
2014-08-06T13:55:03.000Z, 1304
2014-08-08T10:49:24.000Z, 1152
2014-09-21T01:05:34.000Z, 899
2014-02-26T20:11:48.000Z, 1377
2014-09-13T06:28:12.000Z, 1623
2014-09-29T01:20:37.000Z, 876
2014-10-01T21:59:49.000Z, 1700
2013-11-22T05:01:10.000Z, 1398
2014-10-15T01:17:31.000Z, 1684
2014-02-21T15:57:21.000Z, 1463
2014-09-24T23:13:31.000Z, 2037
2014-06-05T19:28:09.000Z, 1584
2014-03-13T01:15:12.000Z, 2710
2014-06-28T01:28:59.000Z, 1579
2014-10-02T14:45:10.000Z, 1002
2014-10-05T00:46:19.000Z, 1559
2014-05-07T21:27:30.000Z, 1026
2014-10-29T16:44:47.000Z, 1093
2015-01-15T15:22:51.000Z, 1340
2014-10-19T20:01:00.000Z, 537
2014-11-19T03:06:03.000Z, 64
2013-11-22T08:57:49.000Z, 1881
2014-10-05T00:38:25.000Z, 1997
2014-10-15T00:14:25.000Z, 1205
2014-10-12T23:29:12.000Z, 1669
2015-01-20T22:42:41.000Z, 804
2023-09-12T01:42:17.000Z, 3446
2013-11-22T05:01:17.000Z, 2487
2014-04-09T21:12:50.000Z, 1492
2014-07-25T00:08:05.000Z, 1701
2014-08-17T22:30:12.000Z, 912
2014-10-29T21:11:53.000Z, 1914
2015-01-29T03:05:52.000Z, 703
2014-10-25T05:28:08.000Z, 1890
2015-01-27T18:57:15.000Z, 721
2014-04-18T00:15:50.000Z, 1416
2014-03-05T03:00:26.000Z, 1196
2014-11-03T00:11:46.000Z, 1283
2014-10-14T03:18:34.000Z, 1049
2015-01-31T23:47:45.000Z, 1491
2022-01-15T16:46:17.000Z, 4508
2014-03-20T03:04:44.000Z, 478
2014-03-04T19:09:11.000Z, 2217
2013-11-22T05:19:59.000Z, 4960
2015-03-08T14:08:14.000Z, 631
2014-08-26T19:47:19.000Z, 1212
2016-02-25T10:56:45.000Z, 1116
2014-06-25T02:37:14.000Z, 1973
2014-10-21T10:32:36.000Z, 1378
2015-02-14T22:29:20.000Z, 715
2014-02-12T15:36:26.000Z, 1702
2014-07-29T22:27:28.000Z, 5314
2014-10-11T04:30:31.000Z, 1190
2015-01-14T04:27:54.000Z, 1151
2014-08-23T04:55:00.000Z, 1178
2014-06-04T23:17:12.000Z, 2576
2013-11-22T05:02:57.000Z, 3032
2013-11-22T21:05:54.000Z, 1853
2014-03-16T01:20:07.000Z, 1454
2014-06-02T12:54:05.000Z, 2613
2014-08-24T17:43:30.000Z, 2181
2014-05-31T19:47:20.000Z, 1465
2014-11-02T02:03:46.000Z, 1429
2015-10-20T06:55:59.000Z, 1345
2014-12-28T02:53:15.000Z, 1368
2015-04-06T19:51:46.000Z, 2042
2014-08-05T15:37:55.000Z, 1499
2014-12-12T02:14:22.000Z, 2948
2015-11-01T17:12:31.000Z, 2004
2014-02-06T11:27:31.000Z, 1052
2014-04-18T20:16:34.000Z, 993
2015-03-12T23:30:56.000Z, 1689
2014-11-04T20:34:35.000Z, 1750
2015-01-20T04:13:14.000Z, 1336
2018-07-15T16:28:17.000Z, 11419
2015-03-01T15:01:56.000Z, 1421
2014-08-14T15:09:52.000Z, 1369
2014-08-21T09:27:20.000Z, 1159
2014-02-13T03:11:35.000Z, 784
2015-03-31T19:14:50.000Z, 1066
2014-10-17T05:01:17.000Z, 2034
2015-04-24T13:54:25.000Z, 1118
2015-04-13T22:18:04.000Z, 873
2015-06-26T01:07:22.000Z, 505
2015-06-06T03:28:35.000Z, 1946
2015-05-22T03:53:10.000Z, 1100
2015-03-17T17:05:13.000Z, 1399
2015-06-05T21:56:22.000Z, 1027
2014-11-09T14:46:36.000Z, 1065
2015-06-07T21:59:43.000Z, 1315
2015-06-30T22:31:56.000Z, 2788
2015-08-08T05:58:02.000Z, 1225
2015-05-21T20:03:08.000Z, 1225
2015-07-07T13:27:39.000Z, 2606
2014-09-09T19:35:11.000Z, 3069
2015-09-03T12:53:45.000Z, 1473
2017-02-23T09:05:22.000Z, 1625
2015-07-24T07:00:05.000Z, 503
2015-02-12T22:39:11.000Z, 3035
2015-02-19T05:16:56.000Z, 1190
2014-08-14T05:29:51.000Z, 1651
2015-06-09T02:16:30.000Z, 1481
2014-12-06T11:24:54.000Z, 1451
2015-08-26T19:53:32.000Z, 1193
2015-07-24T18:53:00.000Z, 1349
2015-03-18T22:18:50.000Z, 959
2015-07-25T00:34:41.000Z, 1392
2014-08-15T04:07:52.000Z, 1740
2015-02-06T02:46:47.000Z, 601
2015-04-03T22:50:07.000Z, 1306
2015-07-25T20:05:58.000Z, 481
2015-07-25T09:22:29.000Z, 477
2015-05-12T02:48:19.000Z, 838
2014-03-04T11:25:38.000Z, 815
2015-11-10T13:50:15.000Z, 827
2015-07-26T22:00:48.000Z, 210
2015-01-05T11:25:57.000Z, 1899
2015-07-23T14:58:37.000Z, 264
2015-11-09T09:15:58.000Z, 1610
2015-11-15T00:27:40.000Z, 1244
2014-08-13T04:01:57.000Z, 2211
2015-07-24T09:51:16.000Z, 160
2017-04-22T22:22:22.000Z, 916
2015-11-16T21:20:08.000Z, 1538
2015-10-25T22:17:28.000Z, 2207
2014-02-25T21:27:45.000Z, 923
2014-07-03T00:02:57.000Z, 1011
2014-12-12T01:07:33.000Z, 1611
2014-09-16T03:04:49.000Z, 488
2014-11-10T03:26:29.000Z, 2777
2015-07-27T06:10:58.000Z, 509
2016-01-21T16:05:35.000Z, 612
2014-10-07T04:39:58.000Z, 1100
2014-04-28T00:02:36.000Z, 2215
2015-11-14T12:58:54.000Z, 509
2016-08-22T16:39:32.000Z, 1756
2015-05-09T20:21:07.000Z, 1228
2015-02-19T20:01:07.000Z, 876
2015-01-09T14:24:52.000Z, 1474
2015-07-28T19:43:22.000Z, 1190
2016-05-27T14:41:56.000Z, 1642
2013-11-22T05:25:04.000Z, 1376
2025-08-31T21:21:38.000Z, 1940
2014-11-17T09:51:37.000Z, 1962
2015-05-13T20:30:09.000Z, 3023
2015-03-20T17:02:36.000Z, 1764
2015-09-15T03:53:09.000Z, 1000
2016-09-18T07:41:28.000Z, 1248
2015-09-03T23:54:43.000Z, 2378
2015-01-07T13:49:59.000Z, 2676
2015-07-24T07:03:13.000Z, 509
2014-11-28T07:23:57.000Z, 1356
2015-04-11T10:36:56.000Z, 1145
2014-08-22T05:28:38.000Z, 661
2014-02-06T22:21:16.000Z, 1664
2014-03-17T01:34:23.000Z, 1144
2018-07-05T13:23:08.000Z, 1909
2015-06-04T12:06:51.000Z, 1206
2015-05-23T07:03:33.000Z, 1261
2014-12-26T23:21:18.000Z, 883
2015-11-17T22:34:53.000Z, 1624
2015-08-03T15:50:38.000Z, 2756
2015-11-24T19:39:13.000Z, 771
2015-08-29T13:54:58.000Z, 516
2014-10-19T21:26:17.000Z, 2129
2015-07-05T10:08:55.000Z, 894
2015-08-31T03:26:28.000Z, 11
2014-12-09T23:50:15.000Z, 1032
2016-05-11T01:25:19.000Z, 671
2014-08-25T23:48:41.000Z, 2335
2014-09-30T22:59:27.000Z, 1999
2015-09-01T02:44:36.000Z, 954
2016-02-18T02:58:02.000Z, 571
2014-05-24T18:52:22.000Z, 547
2015-06-18T19:16:33.000Z, 1620
2013-12-05T20:22:50.000Z, 4136
2015-05-24T18:25:42.000Z, 2283
2014-08-21T03:00:28.000Z, 2027
2015-02-08T01:58:19.000Z, 1001
2015-07-04T19:35:47.000Z, 1488
2016-02-20T03:52:48.000Z, 2987
2014-12-22T04:16:14.000Z, 2416
2016-03-22T18:54:41.000Z, 1406
2015-09-13T04:19:47.000Z, 1626
2015-04-05T22:47:28.000Z, 1696
2015-08-29T05:48:26.000Z, 1177
2014-06-16T19:23:06.000Z, 2357
2016-03-07T05:47:27.000Z, 723
2018-04-28T12:56:05.000Z, 1428
2014-11-07T17:40:40.000Z, 1080
2014-12-30T07:42:50.000Z, 2487
2017-01-17T22:21:15.000Z, 2594
2015-07-18T23:31:01.000Z, 1015
2014-12-27T23:01:20.000Z, 997
2016-04-15T16:51:26.000Z, 2388
2015-02-14T08:19:33.000Z, 1157
2016-04-13T17:59:46.000Z, 882
2014-10-31T01:17:57.000Z, 1299
2015-04-02T17:04:40.000Z, 1032
2016-03-09T21:12:28.000Z, 1694
2016-05-12T01:37:50.000Z, 1580
2015-08-07T02:55:01.000Z, 764
2016-05-13T00:09:16.000Z, 2486
2014-09-02T12:24:29.000Z, 1020
2015-04-04T00:09:01.000Z, 1858
2014-08-15T16:44:01.000Z, 874
2016-06-30T06:20:32.000Z, 708
2018-06-06T18:57:53.000Z, 2336
2014-04-06T03:28:15.000Z, 1041
2015-05-02T00:33:10.000Z, 905
2014-04-21T17:28:30.000Z, 1371
2016-12-31T01:40:07.000Z, 715
2016-07-05T04:43:51.000Z, 1128
2014-12-05T20:46:38.000Z, 1548
2016-08-17T20:31:36.000Z, 1110
2015-03-29T13:54:51.000Z, 1156
2015-10-31T16:34:57.000Z, 1156
2015-01-14T05:03:24.000Z, 4256
2014-10-07T23:29:26.000Z, 1236
2015-09-03T03:13:31.000Z, 1598
2016-07-10T21:12:34.000Z, 478
2014-03-18T17:37:58.000Z, 913
2016-01-21T07:10:48.000Z, 1588
2015-01-05T08:11:15.000Z, 1334
2014-09-22T20:37:24.000Z, 798
2015-02-13T08:49:51.000Z, 2806
2015-06-07T20:47:55.000Z, 822
2025-07-24T20:00:42.000Z, 2171
2016-08-24T23:23:46.000Z, 957
2014-08-26T03:04:04.000Z, 1892
2025-03-03T11:00:05.000Z, 4955
2015-07-14T23:27:16.000Z, 1539
2014-07-26T18:53:00.000Z, 520
2015-01-26T03:40:53.000Z, 1157
2014-12-29T23:03:42.000Z, 679
2016-09-15T22:46:55.000Z, 1521
2016-02-01T05:02:51.000Z, 4014
2016-10-21T23:27:12.000Z, 1021
2015-10-10T20:06:03.000Z, 1939
2016-10-06T20:31:50.000Z, 2306
2014-08-22T00:40:48.000Z, 1876
2015-03-09T01:05:57.000Z, 1101
2015-09-08T02:08:15.000Z, 786
2016-02-21T20:13:43.000Z, 1275
2016-01-09T20:27:57.000Z, 1637
2016-11-13T01:15:14.000Z, 2107
2016-03-23T11:53:00.000Z, 1284
2015-04-26T07:55:14.000Z, 710
2016-10-07T15:36:07.000Z, 793
2016-08-26T16:40:50.000Z, 1186
2015-10-11T19:25:08.000Z, 988
2014-04-07T04:03:06.000Z, 3074
2014-02-18T03:41:48.000Z, 617
2014-04-08T02:43:51.000Z, 996
2018-06-28T04:30:39.000Z, 1184
2025-09-12T00:41:38.000Z, 545
2019-01-06T20:18:19.000Z, 2083
2015-06-18T06:22:26.000Z, 1381
2016-01-27T02:19:50.000Z, 1714
2015-05-01T19:09:46.000Z, 2551
2016-04-08T15:08:29.000Z, 487
2016-05-28T10:54:41.000Z, 1546
2014-10-25T18:46:56.000Z, 2708
2016-01-13T15:02:29.000Z, 1741
2015-07-25T01:41:02.000Z, 511
2014-08-14T20:25:16.000Z, 840
2015-02-10T11:55:48.000Z, 2597
2016-01-25T04:15:28.000Z, 2083
2014-02-08T21:01:15.000Z, 5031
2015-05-10T07:41:21.000Z, 660
2014-03-19T20:13:29.000Z, 1019
2016-02-10T14:49:31.000Z, 1249
2015-02-02T02:50:33.000Z, 1403
2015-05-06T00:20:18.000Z, 914
2015-08-03T01:33:17.000Z, 540
2016-02-19T21:06:29.000Z, 2953
2016-08-30T17:44:23.000Z, 1568
2014-10-12T16:40:59.000Z, 911
2015-12-17T04:34:57.000Z, 1075
2016-07-28T02:07:31.000Z, 985
2015-04-24T01:51:33.000Z, 2071
2014-11-09T17:32:24.000Z, 1932
2014-05-21T06:02:10.000Z, 723
2013-12-06T01:41:14.000Z, 1943
2015-08-10T19:24:05.000Z, 972
2016-05-27T18:33:05.000Z, 2400
2015-12-18T15:23:50.000Z, 823
2015-06-14T02:57:11.000Z, 676
2016-11-01T00:16:22.000Z, 5508
2016-06-17T21:28:07.000Z, 506
2015-03-17T02:23:12.000Z, 1037
2015-07-21T21:58:39.000Z, 1127
2016-08-25T09:41:53.000Z, 1178
2015-02-17T06:03:05.000Z, 2005
2016-03-07T02:53:12.000Z, 663
2013-11-22T07:30:41.000Z, 822
2016-02-06T20:27:58.000Z, 1778
2015-07-15T14:31:15.000Z, 577
2019-01-06T20:35:58.000Z, 499
2014-06-15T23:45:48.000Z, 791
2017-10-16T06:26:38.000Z, 2700
2015-07-27T04:17:00.000Z, 308
2016-11-10T05:45:44.000Z, 1614
2015-08-17T17:28:45.000Z, 935
2022-04-16T03:42:57.000Z, 526
2016-07-24T19:44:19.000Z, 1512
2014-02-13T18:48:09.000Z, 924
2015-06-05T19:16:35.000Z, 1165
2016-01-27T02:55:11.000Z, 2821
2014-02-06T21:21:26.000Z, 1525
2014-10-29T02:01:01.000Z, 1008
2015-07-14T12:10:39.000Z, 1144
2016-01-30T21:47:25.000Z, 1191
2015-04-26T00:36:07.000Z, 667
2016-07-01T10:45:45.000Z, 324
2016-06-23T08:56:37.000Z, 1333
2015-07-24T05:26:13.000Z, 512
2016-07-17T07:23:22.000Z, 1838
2014-03-18T21:32:27.000Z, 622
2016-06-19T09:20:40.000Z, 1307
2016-09-01T07:04:05.000Z, 984
2015-12-17T01:49:35.000Z, 1191
2015-04-17T17:05:43.000Z, 461
2016-11-09T22:04:13.000Z, 2701
2016-07-19T17:38:41.000Z, 2177
2016-09-21T15:06:40.000Z, 784
2014-11-25T19:07:31.000Z, 1679
2016-12-06T16:36:15.000Z, 3440
2016-10-01T23:15:19.000Z, 739
2016-06-27T12:45:21.000Z, 604
2025-01-23T14:05:40.000Z, 1941
2014-02-08T11:04:17.000Z, 2279
2015-07-24T07:00:03.000Z, 513
2016-12-14T19:51:22.000Z, 1308
2017-01-07T01:07:13.000Z, 1640
2015-06-02T15:09:49.000Z, 896
2016-11-07T22:32:59.000Z, 1020
2016-09-28T01:30:31.000Z, 770
2016-05-31T20:25:08.000Z, 758
2015-03-25T04:51:58.000Z, 1724
2016-12-15T21:05:37.000Z, 1341
2016-04-27T07:14:18.000Z, 725
2015-03-15T00:52:02.000Z, 1213
2015-10-16T05:31:04.000Z, 1501
2016-11-07T22:18:27.000Z, 642
2016-10-31T04:22:18.000Z, 1425
2014-06-20T03:47:33.000Z, 933
2018-06-22T11:20:45.000Z, 1059
2014-05-27T05:57:40.000Z, 2117
2014-02-09T02:38:32.000Z, 918
2015-06-16T18:40:57.000Z, 2408
2016-03-06T21:47:08.000Z, 2152
2016-05-23T15:25:29.000Z, 1107
2015-02-18T00:14:52.000Z, 1637
2016-06-02T21:09:46.000Z, 1373
2015-03-31T21:06:05.000Z, 1431
2015-06-10T04:48:53.000Z, 1557
2016-06-15T00:46:53.000Z, 5115
2015-08-20T18:11:08.000Z, 1098
2019-10-18T16:50:22.000Z, 1049
2016-08-26T16:10:42.000Z, 1768
2014-10-18T03:54:36.000Z, 1802
2014-12-31T01:00:42.000Z, 547
2015-07-17T05:19:15.000Z, 1290
2016-09-15T01:31:32.000Z, 547
2016-02-14T22:43:34.000Z, 690
2016-11-18T01:24:26.000Z, 2603
2016-11-10T21:34:40.000Z, 1003
2017-10-14T13:41:19.000Z, 2710
2015-06-16T05:12:05.000Z, 2943
2015-07-25T01:15:08.000Z, 459
2015-06-21T08:22:23.000Z, 1443
2015-07-20T14:57:20.000Z, 2208
2014-07-13T17:02:43.000Z, 1563
2014-07-12T23:55:49.000Z, 1727
2014-05-07T01:22:25.000Z, 1633
2015-10-20T21:40:42.000Z, 2012
2017-02-15T06:19:51.000Z, 841
2015-12-08T01:07:01.000Z, 903
2016-12-15T21:29:30.000Z, 1835
2016-08-20T04:20:09.000Z, 2580
2016-11-26T09:35:25.000Z, 1706
2014-10-07T02:33:11.000Z, 1607
2016-04-02T18:53:58.000Z, 1010
2016-11-17T02:12:20.000Z, 4236
2016-06-21T13:32:18.000Z, 2117
2016-12-14T08:55:04.000Z, 1999
2016-09-18T04:00:50.000Z, 998
2014-03-05T01:45:24.000Z, 2249
2016-11-02T22:29:51.000Z, 1622
2014-08-08T07:16:28.000Z, 1878
2016-11-11T15:10:09.000Z, 1120
2023-08-30T22:16:20.000Z, 1397
2014-10-04T06:00:41.000Z, 1412
2016-03-06T20:22:22.000Z, 743
2015-03-14T20:39:25.000Z, 1168
2016-06-29T06:11:14.000Z, 561
2014-08-15T12:45:20.000Z, 1111
2015-07-30T12:19:26.000Z, 2155
2016-12-20T14:56:35.000Z, 606
2017-01-03T01:12:57.000Z, 1408
2020-02-18T20:20:47.000Z, 1319
2015-08-14T06:43:24.000Z, 1099
2017-01-23T06:39:47.000Z, 5241
2016-04-13T01:07:39.000Z, 1704
2015-07-24T08:11:56.000Z, 486
2015-10-17T04:38:12.000Z, 2288
2015-04-17T23:15:55.000Z, 1917
2013-11-24T00:53:03.000Z, 2081
2016-09-29T14:03:00.000Z, 507
2016-03-07T01:33:27.000Z, 691
2014-08-12T21:16:42.000Z, 1299
2016-11-23T03:13:51.000Z, 1407
2016-09-13T21:59:56.000Z, 1040
2016-10-22T03:58:09.000Z, 2576
2014-09-13T19:32:14.000Z, 1144
2014-05-16T18:28:22.000Z, 720
2016-02-11T09:42:29.000Z, 5003
2017-03-10T03:38:10.000Z, 681
2014-11-06T06:08:32.000Z, 583
2016-11-13T07:19:52.000Z, 3094
2016-02-10T22:16:32.000Z, 3664
2015-07-23T16:17:49.000Z, 371
2017-02-23T08:32:39.000Z, 2176
2015-03-12T00:38:23.000Z, 1129
2016-04-30T01:27:53.000Z, 1497
2017-04-14T09:02:02.000Z, 3582
2014-11-25T19:25:12.000Z, 5537
2016-05-13T18:33:43.000Z, 2151
2015-01-08T19:09:32.000Z, 439
2014-08-26T02:54:12.000Z, 821
2015-12-12T22:39:08.000Z, 651
2015-06-28T01:39:30.000Z, 1080
2016-10-23T15:54:14.000Z, 879
2016-11-29T13:02:02.000Z, 903
2014-11-15T01:44:15.000Z, 2365
2016-05-17T22:24:48.000Z, 572
2015-02-01T19:29:27.000Z, 3112
2017-02-16T22:19:27.000Z, 1953
2017-01-16T23:44:59.000Z, 879
2016-02-08T09:20:04.000Z, 2128
2016-07-22T22:11:36.000Z, 872
2017-08-08T20:20:29.000Z, 2123
2015-04-24T03:50:24.000Z, 883
2017-03-17T00:15:02.000Z, 1181
2017-01-21T18:30:57.000Z, 10850
2014-05-18T00:21:46.000Z, 1174
2013-11-22T10:27:01.000Z, 2118
2015-01-19T18:16:14.000Z, 1209
2015-06-10T16:52:37.000Z, 1224
2015-09-22T19:04:30.000Z, 3743
2017-06-18T04:03:30.000Z, 746
2014-11-18T08:11:10.000Z, 63
2015-11-04T12:42:42.000Z, 933
2014-02-13T02:27:30.000Z, 534
2016-03-03T04:40:47.000Z, 1641
2015-10-25T20:50:10.000Z, 555
2020-02-27T21:14:23.000Z, 1198
2015-12-14T03:44:52.000Z, 1272
2015-05-28T01:41:18.000Z, 2219
2015-01-11T05:13:03.000Z, 1399
2017-05-04T13:36:53.000Z, 784
2016-01-06T23:09:13.000Z, 1257
2015-02-12T19:00:09.000Z, 1198
2016-11-02T13:12:45.000Z, 1214
2016-11-11T13:38:42.000Z, 1516
2016-11-09T08:42:42.000Z, 2471
2018-07-08T12:46:41.000Z, 1123
2015-07-24T07:00:49.000Z, 13
2016-03-01T19:48:18.000Z, 1992
2015-10-01T18:00:36.000Z, 1578
2016-02-11T06:55:54.000Z, 499
2015-05-27T02:42:45.000Z, 883
2015-12-20T04:43:28.000Z, 286
2015-10-13T14:02:56.000Z, 2963
2025-10-11T00:34:03.000Z, 104
2014-10-22T09:27:08.000Z, 1163
2016-10-01T05:58:35.000Z, 3337
2015-08-04T05:32:55.000Z, 835
2014-12-01T02:21:11.000Z, 2131
2016-01-31T02:38:21.000Z, 1296
2016-10-25T12:38:58.000Z, 1271
2016-12-19T02:31:58.000Z, 820
2016-02-01T05:01:49.000Z, 375
2016-05-09T01:38:27.000Z, 923
2017-02-12T19:30:53.000Z, 227
2014-09-07T06:15:34.000Z, 1298
2019-01-19T04:14:44.000Z, 1466
2017-01-17T19:30:29.000Z, 2593
2017-02-21T22:00:45.000Z, 3170
2018-07-23T02:42:54.000Z, 1862
2016-07-02T05:13:41.000Z, 1245
2017-03-06T04:13:59.000Z, 2812
2016-11-14T13:19:01.000Z, 1541
2015-08-25T19:37:14.000Z, 1435
2014-02-13T04:37:22.000Z, 805
2016-08-07T16:51:56.000Z, 1369
2014-04-26T21:20:52.000Z, 1343
2015-05-06T22:12:57.000Z, 1634
2016-11-13T14:29:19.000Z, 1111
2014-06-12T23:28:13.000Z, 1616
2014-09-24T21:41:38.000Z, 1107
2014-10-15T03:07:22.000Z, 466
2014-09-05T02:28:26.000Z, 645
2016-10-09T20:00:13.000Z, 4154
2014-03-16T19:00:23.000Z, 1580
2017-03-20T19:16:10.000Z, 1102
2017-01-19T17:22:41.000Z, 1487
2016-04-30T02:43:15.000Z, 1063
2016-01-23T20:27:46.000Z, 2121
2016-10-11T10:48:10.000Z, 527
2017-04-01T12:00:24.000Z, 2728
2016-11-01T09:17:18.000Z, 1132
2017-04-16T14:47:17.000Z, 1449
2014-07-17T16:31:23.000Z, 469
2015-04-20T18:13:57.000Z, 1772
2017-10-09T02:42:22.000Z, 2113
2016-11-19T18:20:06.000Z, 795
2017-03-31T22:02:17.000Z, 1525
2015-04-20T19:36:13.000Z, 869
2017-07-10T01:34:51.000Z, 1543
2015-12-25T09:29:42.000Z, 1021
2016-11-02T02:45:31.000Z, 1592
2017-02-17T05:50:40.000Z, 531
2015-10-11T22:06:38.000Z, 601
2014-08-09T01:12:50.000Z, 1422
2014-11-01T23:59:03.000Z, 482
2016-01-28T14:13:32.000Z, 499
2014-11-26T05:42:36.000Z, 502
2015-03-21T19:26:31.000Z, 585
2017-02-16T14:33:57.000Z, 782
2016-07-11T00:02:37.000Z, 2357
2017-02-16T20:18:56.000Z, 1472
2016-01-01T08:17:03.000Z, 2022
2016-05-12T22:54:59.000Z, 1276
2014-02-21T19:56:01.000Z, 598
2017-05-12T14:09:53.000Z, 2809
2017-04-23T20:56:38.000Z, 1301
2014-12-02T23:17:23.000Z, 1904
2017-02-19T01:33:54.000Z, 1738
2017-04-16T00:55:33.000Z, 939
2014-07-02T08:23:56.000Z, 525
2014-03-27T02:24:26.000Z, 1855
2013-12-06T13:14:11.000Z, 1632
2018-08-01T16:47:49.000Z, 2928
2015-06-08T21:16:27.000Z, 865
2016-02-26T11:13:46.000Z, 1820
2014-09-21T19:08:01.000Z, 646
2015-07-24T07:02:55.000Z, 507
2015-02-17T01:16:06.000Z, 1780
2016-10-19T11:51:23.000Z, 929
2016-09-12T23:47:35.000Z, 1144
2016-12-03T11:49:32.000Z, 3582
2015-12-01T04:46:12.000Z, 3600
2014-07-15T11:21:37.000Z, 1066
2015-07-28T04:52:38.000Z, 1676
2014-09-19T18:52:16.000Z, 878
2015-08-25T01:51:08.000Z, 1978
2015-06-10T17:23:49.000Z, 1478
2015-06-01T03:52:50.000Z, 445
2015-04-07T01:56:54.000Z, 1762
2016-08-05T04:45:31.000Z, 2730
2016-07-22T07:15:53.000Z, 779
2018-01-23T04:37:32.000Z, 2045
2015-01-30T18:20:29.000Z, 1630
2015-07-31T04:51:34.000Z, 767
2017-01-17T07:36:07.000Z, 977
2014-08-16T19:16:17.000Z, 1810
2015-07-24T12:01:40.000Z, 229
2016-11-10T03:00:46.000Z, 926
2017-04-19T07:08:03.000Z, 1600
2016-09-11T09:43:35.000Z, 464
2015-06-23T07:57:38.000Z, 1140
2016-10-09T02:11:47.000Z, 2144
2017-01-23T01:30:50.000Z, 1338
2017-03-05T00:06:08.000Z, 2164
2016-12-05T05:01:04.000Z, 1012
2014-09-23T02:42:37.000Z, 2038
2017-04-09T14:19:55.000Z, 3055
2017-02-15T08:30:02.000Z, 1150
2017-07-10T05:15:40.000Z, 3716
2018-06-07T16:00:08.000Z, 2950
2018-08-12T21:48:11.000Z, 8879
2015-07-24T20:32:09.000Z, 328
2017-03-11T19:06:49.000Z, 1246
2016-08-18T21:26:19.000Z, 1925
2016-04-08T11:39:06.000Z, 959
2016-09-26T15:00:54.000Z, 1132
2016-12-22T14:12:27.000Z, 1172
2017-02-26T23:18:28.000Z, 3665
2017-04-30T17:40:11.000Z, 744
2014-09-11T11:29:24.000Z, 1838
2018-03-25T00:05:48.000Z, 2323
2016-02-29T02:50:13.000Z, 641
2017-04-23T19:46:36.000Z, 576
2017-05-16T03:03:10.000Z, 462
2014-05-08T02:54:17.000Z, 834
2015-06-06T11:24:47.000Z, 1327
2017-04-18T18:56:46.000Z, 1843
2017-04-27T14:36:43.000Z, 422
2015-06-07T06:23:58.000Z, 1579
2014-03-07T23:57:44.000Z, 1672
2014-11-01T21:09:12.000Z, 1461
2016-05-29T03:51:51.000Z, 1684
2017-01-19T07:12:42.000Z, 5672
2015-11-26T02:02:57.000Z, 2263
2014-05-15T02:27:32.000Z, 994
2016-02-23T22:56:19.000Z, 883
2017-11-19T13:15:04.000Z, 1776
2025-08-24T13:12:03.000Z, 3346
2014-11-10T22:04:33.000Z, 3136
2017-04-23T23:56:58.000Z, 1953
2017-05-07T21:08:40.000Z, 1394
2015-05-24T19:25:21.000Z, 398
2017-05-11T22:55:18.000Z, 1775
2015-04-13T20:25:58.000Z, 1667
2016-09-28T17:35:16.000Z, 2380
2013-12-05T22:11:16.000Z, 1418
2020-07-02T20:45:32.000Z, 637
2017-09-09T06:37:05.000Z, 1526
2016-07-14T02:20:43.000Z, 4402
2025-07-17T19:21:50.000Z, 1939
2013-12-06T00:47:19.000Z, 3614
2017-05-23T16:04:07.000Z, 907
2017-10-16T01:15:36.000Z, 2250
2016-10-19T16:20:44.000Z, 452
2014-11-30T01:45:06.000Z, 1129
2017-05-15T22:04:37.000Z, 2183
2016-08-13T01:43:53.000Z, 3122
2022-04-15T20:43:58.000Z, 741
2015-07-24T07:01:06.000Z, 240
2017-04-28T22:41:59.000Z, 1171
2014-12-09T03:10:51.000Z, 2420
2020-10-18T05:26:35.000Z, 1000
2017-07-22T00:17:28.000Z, 1267
2016-12-17T01:02:10.000Z, 2566
2016-04-12T19:38:53.000Z, 3580
2014-07-24T20:53:32.000Z, 1322
2015-07-11T02:59:12.000Z, 1728
2014-10-08T11:50:25.000Z, 1786
2013-11-22T12:10:38.000Z, 2848
2014-02-28T08:03:14.000Z, 1946
2015-01-28T01:59:12.000Z, 1709
2014-08-22T19:44:31.000Z, 1003
2023-04-15T00:18:24.000Z, 3792
2015-03-22T06:59:13.000Z, 613
2015-06-05T16:23:38.000Z, 843
2014-11-07T23:01:39.000Z, 592
2016-11-14T23:08:56.000Z, 1825
2016-12-23T14:45:36.000Z, 2474
2015-06-13T22:51:50.000Z, 1450
2016-06-07T00:58:53.000Z, 517
2015-06-29T18:27:57.000Z, 1328
2014-10-09T01:25:21.000Z, 1298
2016-04-29T21:01:13.000Z, 2476
2016-12-02T23:36:36.000Z, 1213
2014-12-23T00:45:40.000Z, 738
2015-05-20T02:59:00.000Z, 1190
2014-05-07T23:27:56.000Z, 4423
2015-07-05T09:28:30.000Z, 227
2016-07-01T01:41:56.000Z, 1883
2022-10-16T00:32:45.000Z, 3620
2018-07-14T04:13:44.000Z, 536
2017-02-16T10:51:33.000Z, 1883
2015-02-02T16:28:14.000Z, 1615
2017-01-09T23:15:53.000Z, 1725
2014-02-25T05:52:41.000Z, 1964
2016-07-23T05:49:30.000Z, 1742
2017-10-12T04:04:49.000Z, 1877
2017-02-28T02:26:46.000Z, 1389
2014-11-12T20:27:23.000Z, 1962
2017-01-27T14:23:31.000Z, 1598
2015-07-24T21:58:00.000Z, 568
2017-03-17T03:11:13.000Z, 1630
2014-12-19T00:52:12.000Z, 1509
2017-01-18T20:41:06.000Z, 4870
2015-05-19T02:21:39.000Z, 2135
2017-01-05T16:43:14.000Z, 2568
2017-04-25T04:54:27.000Z, 1775
2014-11-23T22:09:31.000Z, 1671
2015-10-19T16:25:46.000Z, 454
2017-04-14T00:11:15.000Z, 3629
2019-11-22T19:00:44.000Z, 808
2021-10-25T14:44:37.000Z, 1779
2016-12-19T23:23:14.000Z, 2024
2014-03-05T20:33:19.000Z, 5761
2016-08-30T06:56:07.000Z, 2458
2016-05-29T01:49:15.000Z, 1413
2016-06-08T15:53:21.000Z, 1456
2014-12-24T17:30:49.000Z, 2381
2017-02-15T16:55:39.000Z, 997
2016-02-27T01:21:17.000Z, 716
2017-09-09T05:34:39.000Z, 1223
2020-09-06T19:30:08.000Z, 1904
2015-07-27T06:59:29.000Z, 217
2014-05-13T07:29:02.000Z, 1340
2016-07-25T13:32:58.000Z, 1379
2018-08-06T03:59:21.000Z, 4420
2017-10-18T04:23:15.000Z, 5450
2015-03-19T17:49:58.000Z, 647
2017-04-22T22:15:27.000Z, 1778
2014-03-25T23:04:21.000Z, 1695
2016-09-03T16:12:58.000Z, 937
2016-03-03T03:57:20.000Z, 4493
2016-04-29T22:09:36.000Z, 2012
2016-09-23T06:33:39.000Z, 1462
2017-04-23T00:57:24.000Z, 2430
2015-07-06T17:23:46.000Z, 790
2016-10-18T21:57:46.000Z, 950
2015-01-10T22:18:16.000Z, 767
2015-07-24T07:01:04.000Z, 537
2014-02-06T14:45:08.000Z, 1126
2016-10-20T15:47:49.000Z, 1171
2016-02-03T03:57:45.000Z, 1885
2014-09-28T01:05:25.000Z, 1141
2015-06-28T21:27:57.000Z, 2799
2013-11-26T22:23:44.000Z, 2822
2016-09-18T04:17:56.000Z, 1025
2016-11-11T17:56:50.000Z, 1194
2015-01-22T18:29:33.000Z, 2123
2017-01-05T02:13:44.000Z, 922
2014-09-11T03:59:30.000Z, 2936
2017-07-14T08:27:04.000Z, 2021
2016-10-15T15:30:23.000Z, 1278
2017-04-10T22:37:02.000Z, 2782
2018-01-11T22:28:50.000Z, 113
2016-06-03T19:41:35.000Z, 1088
2016-02-15T14:20:14.000Z, 2063
2015-09-23T21:45:38.000Z, 1539
2015-10-11T00:27:32.000Z, 1234
2017-01-10T11:51:13.000Z, 2654
2017-02-08T23:17:39.000Z, 4000
2016-12-22T00:01:48.000Z, 1360
2016-09-28T21:16:07.000Z, 1507
2016-09-19T04:20:18.000Z, 738
2015-04-06T12:42:31.000Z, 634
2015-07-24T07:31:19.000Z, 245
2025-10-06T11:29:01.000Z, 17
2014-03-14T20:41:55.000Z, 1146
2014-03-01T02:10:30.000Z, 1853
2018-12-20T21:09:53.000Z, 1687
2015-02-21T02:40:43.000Z, 1061
2016-02-19T03:01:56.000Z, 931
2014-03-29T16:25:06.000Z, 910
2016-04-05T06:40:19.000Z, 2252
2016-09-18T19:51:50.000Z, 1760
2015-07-24T07:01:28.000Z, 239
2016-12-16T23:35:51.000Z, 1824
2015-07-24T10:46:20.000Z, 903
2015-08-20T17:48:30.000Z, 879
2014-05-15T02:25:19.000Z, 2406
2015-02-06T00:48:59.000Z, 2697
2014-05-30T03:25:25.000Z, 697
2016-11-25T00:52:33.000Z, 4637
2015-09-19T23:35:02.000Z, 899
2017-02-12T18:35:54.000Z, 2217
2016-01-29T22:42:31.000Z, 725
2016-09-12T04:59:00.000Z, 2369
2016-12-27T19:32:53.000Z, 2461
2016-11-10T04:47:28.000Z, 998
2017-04-24T20:55:26.000Z, 2033
2016-03-21T10:18:10.000Z, 3660
2016-12-18T01:43:06.000Z, 1606
2016-11-23T21:57:23.000Z, 690
2016-07-03T01:08:33.000Z, 852
2015-05-31T23:45:27.000Z, 1791
2016-11-30T21:46:22.000Z, 1039
2014-10-07T00:01:16.000Z, 1435
2017-03-08T20:39:52.000Z, 1209
2017-01-13T21:32:40.000Z, 2832
2015-09-23T02:42:27.000Z, 2439
2020-10-20T15:49:01.000Z, 4364
2017-06-19T05:31:00.000Z, 1709
2016-02-22T20:02:28.000Z, 983
2015-07-24T19:09:49.000Z, 438
2016-11-13T22:41:59.000Z, 1367
2015-07-26T23:39:21.000Z, 459
2017-06-13T14:32:13.000Z, 3379
2016-11-11T08:31:37.000Z, 1695
2015-02-10T07:15:03.000Z, 2457
2015-05-27T09:35:34.000Z, 2506
2014-02-07T01:04:27.000Z, 2301
2015-02-10T21:33:56.000Z, 3090
2017-02-03T14:48:47.000Z, 4622
2015-12-01T09:02:42.000Z, 1882
2017-04-24T04:37:39.000Z, 1237
2015-01-08T16:38:06.000Z, 672
2015-07-25T04:04:08.000Z, 225
2015-02-24T04:04:13.000Z, 2126
2017-02-21T01:51:20.000Z, 1462
2016-07-20T03:21:31.000Z, 2169
2017-10-22T21:49:12.000Z, 1458
2017-04-28T02:01:32.000Z, 1701
2016-11-01T08:44:15.000Z, 1542
2017-02-27T21:05:27.000Z, 817
2015-01-09T18:16:41.000Z, 2082
2017-02-23T08:26:39.000Z, 1302
2016-04-05T05:14:36.000Z, 615
2016-10-30T04:01:42.000Z, 1017
2016-10-09T03:30:12.000Z, 1990
2015-03-24T01:16:13.000Z, 1637
2014-08-01T02:24:09.000Z, 996
2017-03-26T21:27:41.000Z, 1572
2016-10-04T10:34:42.000Z, 1186
2016-12-14T19:28:08.000Z, 1137
2014-03-27T03:06:36.000Z, 814
2017-07-01T02:03:05.000Z, 1459
2015-07-26T23:57:49.000Z, 676
2017-10-19T04:33:07.000Z, 808
2016-12-17T20:14:51.000Z, 458
2015-01-25T21:59:04.000Z, 1090
2017-01-09T22:37:41.000Z, 976
2016-09-27T01:00:25.000Z, 2408
2016-03-17T19:43:37.000Z, 801
2017-05-11T21:28:22.000Z, 1418
2015-01-22T23:08:34.000Z, 1330
2015-07-24T07:44:35.000Z, 478
2014-08-19T15:33:44.000Z, 2190
2016-09-15T00:43:33.000Z, 947
2015-09-11T00:00:42.000Z, 1464
2014-08-13T04:29:05.000Z, 1136
2016-08-04T06:49:34.000Z, 668
2016-06-21T23:48:01.000Z, 1030
2025-07-28T17:08:55.000Z, 1058
2016-11-21T18:34:53.000Z, 1358
2015-05-22T06:03:34.000Z, 1919
2017-03-06T03:17:23.000Z, 2625
2017-03-22T13:06:41.000Z, 1996
2017-04-19T01:42:56.000Z, 2244
2015-03-10T19:08:47.000Z, 1489
2017-02-22T05:48:49.000Z, 1002
2017-02-03T05:44:33.000Z, 2067
2015-11-19T02:31:48.000Z, 1268
2014-05-15T15:55:38.000Z, 603
2014-03-12T21:44:55.000Z, 1012
2015-01-27T01:18:24.000Z, 1601
2015-09-09T19:01:22.000Z, 3204
2016-06-21T23:07:24.000Z, 1403
2016-09-13T20:35:27.000Z, 5434
2015-12-21T07:34:11.000Z, 5815
2015-08-25T22:07:34.000Z, 1380
2015-01-16T21:39:58.000Z, 893
2018-10-10T05:11:50.000Z, 932
2014-11-07T17:19:34.000Z, 668
2016-04-15T19:57:58.000Z, 956
2025-08-17T18:35:11.000Z, 999
2016-09-25T03:23:58.000Z, 1277
2014-08-23T14:16:24.000Z, 1251
2015-02-25T23:09:27.000Z, 1864
2015-07-24T13:17:20.000Z, 325
2016-11-01T15:52:58.000Z, 2401
2017-02-23T21:51:17.000Z, 2157
2016-04-23T06:12:57.000Z, 1535
2016-09-25T15:09:44.000Z, 3818
2015-07-06T17:17:15.000Z, 1418
2018-07-13T17:11:53.000Z, 1278
2015-09-03T00:09:58.000Z, 2052
2016-04-28T14:40:43.000Z, 1117
2016-09-06T21:40:22.000Z, 446
2015-07-20T02:11:37.000Z, 2104
2015-07-25T07:44:28.000Z, 280
2016-09-10T21:37:51.000Z, 502
2014-02-27T01:17:50.000Z, 897
2015-07-01T16:20:03.000Z, 1558
2014-09-21T19:39:52.000Z, 691
2015-05-29T20:55:09.000Z, 563
2014-10-01T07:53:17.000Z, 2103
2015-11-01T09:47:12.000Z, 1496
2016-10-01T07:02:45.000Z, 1474
2016-07-18T05:37:52.000Z, 7052
2016-11-16T20:47:31.000Z, 671
2015-07-08T13:59:15.000Z, 2106
2016-01-28T15:42:09.000Z, 390
2016-07-20T01:52:33.000Z, 1233
2015-05-15T16:13:12.000Z, 2324
2015-05-12T17:00:35.000Z, 1222
2016-11-01T17:48:58.000Z, 2334
2016-10-18T01:07:29.000Z, 1543
2015-10-29T20:01:11.000Z, 1517
2016-07-03T10:20:21.000Z, 1550
2016-11-28T23:36:07.000Z, 2422
2018-06-09T02:32:41.000Z, 1308
2016-09-11T03:23:20.000Z, 484
2014-03-19T00:02:40.000Z, 1052
2016-10-06T04:11:14.000Z, 4360
2017-01-17T17:24:17.000Z, 1767
2016-05-21T02:28:49.000Z, 2282
2015-07-24T07:07:53.000Z, 522
2015-04-28T02:06:06.000Z, 1350
2017-10-28T22:29:18.000Z, 8775
2016-09-15T18:23:50.000Z, 1631
2018-04-02T13:53:17.000Z, 769
2016-09-18T04:01:53.000Z, 1761
2014-08-19T06:39:27.000Z, 1697
2016-11-07T10:04:36.000Z, 3524
2015-08-16T12:39:38.000Z, 1509
2016-09-22T13:24:53.000Z, 1613
2017-04-25T17:26:19.000Z, 1390
2015-08-10T03:36:54.000Z, 479
2016-07-01T01:45:17.000Z, 1675
2017-05-09T03:01:44.000Z, 1778
2018-06-13T19:00:44.000Z, 2420
2014-07-25T22:04:50.000Z, 974
2016-02-28T22:00:09.000Z, 2669
2014-10-25T06:18:16.000Z, 911
2016-10-29T06:01:44.000Z, 896
2016-09-13T21:34:15.000Z, 758
2016-03-07T07:58:04.000Z, 1460
2016-02-25T17:16:52.000Z, 1982
2015-04-24T08:07:13.000Z, 1116
2015-11-02T08:00:46.000Z, 1561
2014-06-02T19:47:32.000Z, 1072
2014-08-05T01:42:44.000Z, 1260
2015-04-05T21:26:50.000Z, 1977
2018-10-20T03:58:47.000Z, 2334
2015-07-24T22:29:44.000Z, 530
2015-10-06T01:43:59.000Z, 1413
2015-07-13T20:52:18.000Z, 560
2015-06-23T03:27:27.000Z, 1764
2015-06-17T19:25:16.000Z, 5500
2015-05-31T23:49:13.000Z, 612
2014-04-10T16:19:28.000Z, 810
2015-05-13T06:12:41.000Z, 820
2014-08-16T11:59:56.000Z, 2228
2015-03-04T23:18:38.000Z, 948
2014-09-26T21:03:13.000Z, 674
2014-06-03T19:45:44.000Z, 2372
2014-08-19T21:28:47.000Z, 1837
2014-03-31T21:35:27.000Z, 606
2013-11-25T03:03:21.000Z, 9543
2013-12-07T04:55:28.000Z, 4098
2017-03-25T09:05:24.000Z, 7077
2017-03-24T04:20:45.000Z, 6958
2017-03-24T04:51:53.000Z, 5456
2017-03-24T04:01:02.000Z, 4777
2017-03-24T04:04:24.000Z, 4327
2017-03-27T21:42:08.000Z, 2131
2017-03-27T18:13:57.000Z, 1615
2017-03-27T01:44:29.000Z, 3069
2017-05-04T15:13:49.000Z, 4243
2018-08-02T12:07:56.000Z, 4628
2017-04-10T03:16:33.000Z, 3506
2017-05-01T23:34:21.000Z, 1633
2017-05-03T19:45:08.000Z, 2617
2017-05-13T20:59:25.000Z, 3000
2017-06-02T06:51:04.000Z, 1343
2017-05-10T22:31:29.000Z, 1698
2017-05-20T20:40:45.000Z, 1296
2017-04-01T03:08:13.000Z, 4117
2017-05-24T16:28:41.000Z, 1399
2017-04-08T02:53:58.000Z, 1521
2017-03-24T04:12:54.000Z, 4971
2017-05-27T05:00:09.000Z, 906
2017-05-16T05:44:59.000Z, 530
2017-05-30T22:46:26.000Z, 909
2017-05-11T20:55:44.000Z, 1565
2017-05-08T04:02:41.000Z, 3944
2017-05-21T18:42:31.000Z, 835
2017-05-22T18:52:29.000Z, 1238
2017-11-08T23:01:51.000Z, 1066
2017-06-04T00:03:47.000Z, 1921
2017-03-30T01:55:32.000Z, 2180
2017-04-11T03:52:32.000Z, 1744
2017-05-09T03:44:27.000Z, 732
2017-05-03T19:31:52.000Z, 4030
2017-05-16T16:02:34.000Z, 2331
2017-05-19T08:17:11.000Z, 1918
2017-05-30T22:00:41.000Z, 1196
2018-07-17T01:08:10.000Z, 4840
2017-06-01T14:13:17.000Z, 1731
2017-05-09T04:41:41.000Z, 3069
2017-05-31T04:15:27.000Z, 1832
2017-06-27T18:04:54.000Z, 3669
2017-06-19T08:43:47.000Z, 3004
2017-06-15T14:00:23.000Z, 3354
2012-11-26T00:33:18.000Z, 1304
2017-06-04T01:55:56.000Z, 644
2017-06-21T12:54:34.000Z, 2140
2017-07-21T15:55:27.000Z, 1234
2017-05-05T17:45:02.000Z, 1352
2021-04-27T03:53:01.000Z, 2333
2017-05-07T01:38:19.000Z, 1258
2018-05-02T00:33:43.000Z, 3434
2017-06-12T13:41:12.000Z, 3938
2017-05-26T02:00:02.000Z, 1816
2017-07-26T03:16:24.000Z, 611
2017-07-06T23:51:26.000Z, 1373
2017-05-29T20:49:17.000Z, 1820
2017-07-24T19:44:27.000Z, 8518
2017-03-24T04:45:02.000Z, 2880
2018-01-24T23:24:16.000Z, 2217
2017-08-05T12:30:22.000Z, 2047
2017-03-24T04:01:35.000Z, 1481
2017-08-26T12:56:44.000Z, 2344
2017-07-14T19:49:29.000Z, 1309
2017-05-29T20:55:01.000Z, 3583
2017-10-10T15:25:04.000Z, 1788
2017-03-27T02:27:37.000Z, 9782
2017-07-26T22:25:45.000Z, 1020
2023-11-08T15:16:02.000Z, 279
2017-05-22T09:19:48.000Z, 434
2017-06-04T21:17:41.000Z, 627
2017-09-18T22:59:30.000Z, 3108
2017-05-15T17:22:29.000Z, 2134
2017-05-29T20:51:59.000Z, 1301
2017-06-15T04:01:40.000Z, 2063
2017-06-03T00:47:41.000Z, 508
2017-08-30T09:28:48.000Z, 1399
2017-06-13T18:22:14.000Z, 1546
2017-08-31T13:13:21.000Z, 1071
2017-08-02T16:01:18.000Z, 5190
2017-06-17T15:58:58.000Z, 798
2025-10-01T15:27:28.000Z, 104
2021-07-15T23:06:39.000Z, 2400
2017-09-28T04:53:59.000Z, 1681
2017-07-05T22:46:10.000Z, 2400
2017-07-06T20:15:41.000Z, 4705
2017-11-11T02:47:40.000Z, 3323
2017-06-04T19:00:13.000Z, 3436
2017-10-02T08:23:04.000Z, 1850
2017-06-28T02:36:33.000Z, 1356
2017-06-05T23:23:35.000Z, 1978
2017-10-04T13:30:36.000Z, 2093
2017-08-10T17:49:40.000Z, 380
2017-06-04T23:13:03.000Z, 999
2017-07-28T22:11:27.000Z, 501
2017-06-07T18:39:37.000Z, 1247
2017-05-01T04:38:56.000Z, 1373
2017-04-10T17:40:13.000Z, 5307
2017-05-13T00:30:14.000Z, 7003
2017-08-08T01:06:34.000Z, 3213
2017-09-27T16:16:00.000Z, 1128
2017-05-05T23:59:06.000Z, 1403
2023-04-09T00:22:59.000Z, 2799
2017-09-14T03:11:54.000Z, 2724
2017-09-28T18:12:56.000Z, 1864
2017-06-13T10:43:19.000Z, 1541
2017-06-08T05:26:55.000Z, 4308
2017-05-31T18:36:39.000Z, 1368
2017-05-17T19:23:42.000Z, 635
2017-10-16T04:30:26.000Z, 1493
2017-05-05T05:35:09.000Z, 824
2017-11-17T20:14:00.000Z, 1276
2017-05-03T16:34:59.000Z, 2566
2017-11-27T01:54:28.000Z, 1472
2017-11-24T18:13:11.000Z, 2085
2017-11-09T22:34:17.000Z, 763
2017-11-18T13:35:55.000Z, 1449
2017-06-20T00:23:47.000Z, 2061
2017-11-08T01:46:55.000Z, 3804
2017-10-30T19:02:22.000Z, 2768
2018-02-03T18:28:47.000Z, 548
2017-05-04T22:30:53.000Z, 37
2017-06-30T15:09:14.000Z, 1391
2018-02-15T05:29:14.000Z, 2202
2018-02-02T07:21:37.000Z, 803
2018-01-23T23:51:21.000Z, 3851
2017-06-14T03:23:43.000Z, 849
2017-09-03T06:50:54.000Z, 1437
2017-10-25T20:24:17.000Z, 1111
2017-08-17T22:58:44.000Z, 1468
2018-02-07T21:10:16.000Z, 1187
2018-02-28T18:01:31.000Z, 1106
2018-02-03T02:57:35.000Z, 733
2017-12-26T22:17:39.000Z, 1649
2018-02-03T15:00:11.000Z, 1708
2017-11-28T02:54:56.000Z, 1683
2017-07-11T00:55:26.000Z, 2445
2017-05-06T02:33:35.000Z, 1833
2017-08-03T21:53:54.000Z, 1035
2017-10-17T11:37:52.000Z, 2667
2017-11-28T01:12:17.000Z, 1683
2017-04-03T17:45:07.000Z, 13366
2017-08-04T21:08:35.000Z, 1115
2018-02-21T22:12:31.000Z, 1715
2017-06-16T17:53:14.000Z, 350
2018-03-02T03:27:22.000Z, 1927
2017-05-25T21:21:45.000Z, 2614
2018-03-11T01:10:02.000Z, 882
2017-12-08T01:58:15.000Z, 2619
2018-02-14T00:04:21.000Z, 880
2018-02-17T05:53:29.000Z, 550
2017-10-02T00:07:10.000Z, 2664
2018-02-08T15:06:36.000Z, 1649
2018-04-29T16:41:45.000Z, 949
2018-02-18T06:18:43.000Z, 254
2017-10-14T15:09:37.000Z, 1163
2018-03-11T23:55:24.000Z, 613
2018-02-24T20:45:46.000Z, 1315
2017-11-10T23:03:06.000Z, 2144
2017-11-23T17:11:59.000Z, 1577
2018-02-20T04:43:02.000Z, 873
2017-06-07T04:33:07.000Z, 1687
2018-02-24T23:18:02.000Z, 645
2018-02-17T07:49:57.000Z, 1944
2018-03-07T18:48:27.000Z, 993
2024-03-28T20:50:09.000Z, 1660
2018-02-04T20:20:05.000Z, 342
2017-08-30T03:15:57.000Z, 2000
2018-03-17T00:37:44.000Z, 1332
2018-03-06T01:37:36.000Z, 4325
2017-06-15T16:30:06.000Z, 1676
2018-03-20T23:49:35.000Z, 1809
2018-02-04T23:18:21.000Z, 1026
2018-02-18T03:16:05.000Z, 960
2020-12-29T15:05:45.000Z, 9103
2018-03-13T02:40:59.000Z, 1239
2018-02-16T01:20:04.000Z, 1224
2018-03-08T09:20:16.000Z, 847
2018-03-15T04:21:55.000Z, 2276
2018-08-26T05:51:32.000Z, 395
2018-03-14T20:23:19.000Z, 1568
2018-01-28T19:59:45.000Z, 875
2018-03-15T23:48:09.000Z, 230
2017-08-14T22:35:56.000Z, 1857
2025-08-13T18:07:31.000Z, 104
2018-04-03T07:01:23.000Z, 2797
2018-02-17T14:16:50.000Z, 1652
2018-01-19T20:36:28.000Z, 2151
2017-10-03T04:31:53.000Z, 3286
2020-01-23T16:01:16.000Z, 2375
2018-03-17T19:12:14.000Z, 4483
2020-09-07T21:09:35.000Z, 1363
2018-03-15T21:26:31.000Z, 1494
2018-02-07T17:31:34.000Z, 1432
2018-02-14T17:33:24.000Z, 2903
2017-05-23T20:52:26.000Z, 2615
2017-03-24T23:07:09.000Z, 2298
2017-06-23T00:14:48.000Z, 2838
2022-07-21T17:45:37.000Z, 4283
2017-12-13T03:47:06.000Z, 860
2024-06-18T01:44:41.000Z, 4005
2017-12-15T02:19:12.000Z, 1480
2017-06-05T01:22:15.000Z, 1226
2018-02-02T17:45:03.000Z, 1924
2018-04-14T01:23:01.000Z, 2703
2018-01-25T07:16:02.000Z, 1406
2018-04-15T22:31:14.000Z, 129
2017-05-28T09:00:46.000Z, 862
2018-02-19T14:05:54.000Z, 808
2017-12-23T23:06:43.000Z, 1694
2017-05-01T10:30:56.000Z, 948
2018-04-19T03:44:32.000Z, 520
2019-08-16T16:02:37.000Z, 923
2018-03-02T21:32:58.000Z, 1527
2018-04-21T10:22:06.000Z, 3970
2018-06-20T23:12:58.000Z, 824
2017-09-11T23:54:29.000Z, 1310
2017-05-19T19:38:47.000Z, 993
2017-06-06T04:28:59.000Z, 1649
2018-02-18T08:34:29.000Z, 757
2018-02-05T03:50:57.000Z, 763
2017-12-29T05:38:59.000Z, 1279
2018-02-19T02:22:37.000Z, 2198
2017-06-27T17:10:30.000Z, 1749
2018-06-13T03:24:46.000Z, 3693
2018-02-14T00:06:52.000Z, 2698
2018-03-01T21:50:22.000Z, 649
2017-05-03T13:16:14.000Z, 775
2017-05-01T04:55:16.000Z, 1844
2017-12-16T15:09:01.000Z, 5420
2017-07-14T18:36:44.000Z, 2013
2017-09-04T23:37:50.000Z, 1024
2017-08-05T22:06:24.000Z, 3262
2018-06-04T19:54:59.000Z, 1241
2018-04-30T00:25:05.000Z, 1995
2017-03-24T04:01:16.000Z, 3534
2018-04-16T09:24:48.000Z, 5464
2018-02-04T06:01:20.000Z, 2277
2018-04-07T00:25:53.000Z, 1453
2018-03-11T06:03:57.000Z, 1060
2018-02-02T15:47:03.000Z, 1804
2024-11-01T01:07:11.000Z, 1841
2023-09-05T22:07:32.000Z, 700
2018-02-17T16:27:09.000Z, 1269
2017-03-24T04:00:55.000Z, 2099
2017-08-10T00:14:00.000Z, 1964
2018-02-19T02:00:05.000Z, 1272
2017-07-24T21:40:25.000Z, 965
2018-03-26T22:49:05.000Z, 3180
2018-03-26T04:19:45.000Z, 784
2018-02-26T23:47:34.000Z, 2327
2018-02-27T22:23:07.000Z, 5418
2017-06-18T02:26:02.000Z, 1310
2018-04-19T01:57:32.000Z, 1095
2018-04-16T16:29:59.000Z, 1587
2017-08-30T20:16:26.000Z, 823
2018-05-14T00:43:07.000Z, 936
2022-07-23T18:29:52.000Z, 1167
2017-09-15T19:37:15.000Z, 1324
2018-04-10T18:37:14.000Z, 3613
2018-03-21T22:54:23.000Z, 784
2018-06-08T13:55:57.000Z, 2549
2017-06-13T15:17:49.000Z, 2478
2018-01-18T23:52:19.000Z, 2018
2018-03-26T02:59:22.000Z, 905
2018-03-15T03:40:18.000Z, 580
2018-02-19T16:52:12.000Z, 565
2019-09-11T19:38:52.000Z, 814
2018-03-30T23:15:21.000Z, 1837
2018-06-19T23:07:36.000Z, 2164
2017-05-26T22:48:10.000Z, 2269
2018-03-11T02:47:21.000Z, 1044
2018-05-11T08:11:42.000Z, 1045
2018-05-30T21:08:36.000Z, 689
2020-05-07T17:59:49.000Z, 892
2018-02-20T04:46:45.000Z, 1462
2017-05-11T18:02:13.000Z, 1689
2018-02-24T21:56:16.000Z, 1249
2018-06-18T04:20:57.000Z, 6381
2018-08-13T00:47:48.000Z, 1717
2018-02-28T00:01:12.000Z, 1441
2018-12-11T18:38:26.000Z, 1084
2018-05-21T01:17:08.000Z, 633
2017-11-20T21:55:40.000Z, 5907
2017-06-18T22:25:21.000Z, 1531
2018-02-17T02:29:26.000Z, 406
2018-03-07T06:21:51.000Z, 1955
2018-04-27T19:51:00.000Z, 2011
2018-06-18T12:43:14.000Z, 2093
2017-05-02T00:59:30.000Z, 1615
2018-04-19T02:53:48.000Z, 865
2018-05-19T19:56:31.000Z, 2757
2018-05-21T00:46:30.000Z, 1714
2018-03-04T07:47:21.000Z, 1542
2017-06-19T20:11:52.000Z, 1215
2017-03-29T21:19:58.000Z, 3990
2017-07-03T09:56:28.000Z, 7101
2018-02-17T06:46:56.000Z, 595
2017-06-26T16:15:58.000Z, 689
2017-10-24T01:10:42.000Z, 1497
2017-12-07T00:32:16.000Z, 2107
2018-02-18T04:55:20.000Z, 3372
2017-08-02T06:08:25.000Z, 1170
2017-09-09T06:20:20.000Z, 1028
2018-04-13T18:17:24.000Z, 2133
2017-12-29T03:21:18.000Z, 3521
2018-01-16T18:48:02.000Z, 5541
2018-04-19T06:40:23.000Z, 2908
2017-07-26T00:10:00.000Z, 611
2018-06-05T05:37:29.000Z, 578
2018-03-03T02:16:08.000Z, 2963
2018-05-04T21:15:15.000Z, 540
2018-02-04T18:50:21.000Z, 867
2017-11-25T01:46:51.000Z, 1811
2018-03-06T15:56:19.000Z, 2360
2018-01-01T04:53:37.000Z, 3457
2017-12-15T11:06:06.000Z, 2823
2017-10-27T09:06:37.000Z, 1662
2018-05-18T02:55:21.000Z, 1511
2017-07-07T07:17:28.000Z, 3364
2020-07-08T01:02:47.000Z, 1723
2018-04-20T06:13:38.000Z, 1774
2018-01-01T05:55:30.000Z, 2052
2017-05-30T20:53:37.000Z, 6150
2018-01-02T12:12:18.000Z, 1584
2017-06-14T21:14:24.000Z, 361
2017-03-25T23:05:17.000Z, 4902
2017-05-30T16:28:03.000Z, 4209
2017-12-18T18:17:36.000Z, 16246
2017-09-21T02:15:01.000Z, 2130
2017-09-29T05:10:06.000Z, 934
2017-07-30T00:15:57.000Z, 904
2017-09-23T01:48:17.000Z, 2315
2018-03-01T01:43:47.000Z, 66
2017-08-02T01:57:03.000Z, 1684
2018-06-01T19:42:37.000Z, 2537
2017-12-18T05:30:40.000Z, 743
2017-09-22T17:22:42.000Z, 971
2018-02-11T17:03:03.000Z, 1568
2018-06-13T21:06:31.000Z, 607
2018-03-08T21:04:35.000Z, 2374
2018-05-28T15:59:43.000Z, 1558
2018-05-27T16:10:41.000Z, 1040
2017-07-19T13:30:22.000Z, 1235
2018-05-03T00:15:11.000Z, 317
2020-10-20T03:45:01.000Z, 2375
2018-04-26T06:04:37.000Z, 913
2018-07-02T18:06:27.000Z, 899
2017-12-19T03:29:11.000Z, 2248
2017-06-24T22:05:52.000Z, 2563
2017-07-03T19:54:33.000Z, 2255
2018-06-09T20:43:59.000Z, 1388
2018-05-28T17:05:20.000Z, 2505
2017-09-08T07:44:00.000Z, 2037
2018-07-01T07:28:15.000Z, 1366
2018-05-27T22:53:48.000Z, 1591
2018-04-23T17:53:52.000Z, 588
2018-07-04T08:42:24.000Z, 2157
2017-06-17T01:12:50.000Z, 500
2017-12-09T17:30:13.000Z, 1998
2018-06-05T17:17:19.000Z, 2698
2018-06-05T20:14:52.000Z, 6838
2018-04-05T15:33:44.000Z, 2588
2017-05-17T11:18:04.000Z, 1009
2022-06-14T01:33:06.000Z, 866
2018-06-05T17:26:15.000Z, 1585
2018-04-05T20:00:04.000Z, 2511
2017-06-15T00:52:55.000Z, 1682
2017-06-09T00:54:58.000Z, 667
2018-06-05T23:46:39.000Z, 1077
2018-02-04T19:14:01.000Z, 490
2018-06-11T00:17:47.000Z, 1279
2018-03-20T04:45:33.000Z, 3671
2017-11-02T23:54:10.000Z, 3021
2017-06-30T11:46:08.000Z, 5206
2018-08-02T04:58:31.000Z, 1137
2018-06-12T23:43:00.000Z, 599
2020-05-20T00:03:37.000Z, 5935
2018-05-19T21:19:33.000Z, 1627
2018-06-10T20:31:32.000Z, 1472
2018-03-15T17:26:49.000Z, 1062
2018-06-07T04:05:57.000Z, 3703
2017-06-27T17:47:55.000Z, 2091
2018-06-06T11:25:15.000Z, 8927
2018-06-22T03:39:49.000Z, 2122
2018-03-02T22:15:21.000Z, 1345
2018-05-22T20:45:44.000Z, 1635
2018-02-26T23:04:28.000Z, 615
2018-05-18T04:01:55.000Z, 1492
2018-06-01T00:46:24.000Z, 1313
2018-05-06T00:13:18.000Z, 3443
2017-06-01T13:48:10.000Z, 1127
2017-05-05T23:36:29.000Z, 986
2017-10-23T22:10:56.000Z, 480
2018-08-14T00:38:41.000Z, 1645
2018-02-08T01:55:12.000Z, 893
2017-09-05T01:07:41.000Z, 1819
2018-02-17T18:27:40.000Z, 841
2018-05-18T04:00:15.000Z, 951
2018-06-04T16:49:55.000Z, 2163
2018-04-11T17:28:06.000Z, 661
2017-06-26T13:20:44.000Z, 3015
2018-01-09T00:52:21.000Z, 2057
2018-03-25T21:56:02.000Z, 618
2018-06-01T09:55:10.000Z, 743
2018-01-13T17:58:06.000Z, 2402
2018-05-07T11:09:15.000Z, 808
2018-03-05T22:03:22.000Z, 1832
2018-08-25T00:59:56.000Z, 3562
2018-01-28T01:46:53.000Z, 2372
2017-07-28T04:44:56.000Z, 1413
2018-06-14T03:01:47.000Z, 1788
2017-05-16T07:00:17.000Z, 919
2018-03-01T03:23:05.000Z, 2253
2018-02-17T18:00:16.000Z, 870
2018-06-05T10:40:16.000Z, 1629
2017-09-10T18:25:27.000Z, 1407
2018-04-20T13:15:59.000Z, 1486
2018-06-02T04:20:32.000Z, 2998
2018-06-01T14:15:13.000Z, 1248
2018-07-17T01:56:25.000Z, 553
2017-05-02T00:59:41.000Z, 2072
2017-10-22T01:46:42.000Z, 2043
2018-07-02T01:21:30.000Z, 487
2018-06-14T11:56:12.000Z, 2105
2017-11-12T14:50:54.000Z, 2188
2017-03-25T02:51:21.000Z, 1170
2017-06-08T17:31:28.000Z, 2777
2018-05-05T23:45:17.000Z, 1453
2017-09-15T17:45:15.000Z, 2254
2018-07-04T04:51:12.000Z, 848
2018-08-13T18:58:40.000Z, 2798
2017-10-01T13:53:22.000Z, 3031
2018-04-02T10:30:22.000Z, 1126
2017-06-08T00:28:55.000Z, 1506
2017-07-09T03:51:29.000Z, 1799
2017-07-07T08:29:45.000Z, 9997
2018-03-20T17:58:08.000Z, 996
2018-05-31T18:25:17.000Z, 2039
2018-04-05T01:49:36.000Z, 654
2018-06-09T21:16:48.000Z, 4973
2018-04-13T18:07:06.000Z, 2831
2017-06-03T06:19:10.000Z, 1801
2017-11-07T19:48:18.000Z, 2857
2023-03-12T18:11:15.000Z, 3468
2018-07-01T01:42:28.000Z, 1162
2018-06-17T13:00:11.000Z, 726
2018-06-21T19:13:12.000Z, 3208
2017-04-01T00:51:55.000Z, 2250
2018-06-14T16:54:44.000Z, 1449
2018-06-23T12:44:27.000Z, 1801
2018-07-14T20:39:08.000Z, 644
2017-10-30T00:08:31.000Z, 1191
2018-09-02T04:02:30.000Z, 1816
2019-01-28T21:54:47.000Z, 3085
2017-05-02T18:48:07.000Z, 1538
2018-05-12T02:56:02.000Z, 1648
2018-03-03T06:32:49.000Z, 1725
2018-02-10T17:20:56.000Z, 2021
2018-03-21T23:44:44.000Z, 441
2018-07-04T19:11:49.000Z, 2370
2018-01-24T19:49:29.000Z, 1585
2017-07-20T04:12:50.000Z, 2069
2018-07-28T23:54:40.000Z, 5025
2018-08-03T00:46:45.000Z, 888
2018-04-21T14:30:31.000Z, 3382
2018-07-23T03:33:09.000Z, 3043
2018-06-02T06:38:12.000Z, 955
2020-12-29T17:22:52.000Z, 6634
2017-09-11T01:01:25.000Z, 2983
2017-07-20T23:32:48.000Z, 1185
2018-06-03T05:40:39.000Z, 1269
2017-05-22T05:55:20.000Z, 2383
2017-11-18T22:23:46.000Z, 1671
2021-03-11T15:15:04.000Z, 1471
2025-03-03T16:16:00.000Z, 2976
2018-05-18T04:02:58.000Z, 1622
2018-03-20T23:13:43.000Z, 1174
2018-06-22T05:25:32.000Z, 2098
2018-12-02T06:46:52.000Z, 806
2018-08-10T01:00:53.000Z, 697
2018-02-13T21:49:59.000Z, 1929
2017-05-02T01:00:43.000Z, 1588
2018-09-06T21:16:54.000Z, 11
2018-05-21T13:18:28.000Z, 1168
2018-11-11T04:25:26.000Z, 1665
2018-07-11T22:07:13.000Z, 1212
2018-01-09T17:38:27.000Z, 1060
2019-02-20T04:53:00.000Z, 3012
2020-05-11T04:08:56.000Z, 4065
2017-05-03T14:05:46.000Z, 2666
2017-07-11T16:12:13.000Z, 3738
2018-04-03T02:27:42.000Z, 653
2018-04-16T04:54:40.000Z, 2962
2018-03-09T00:28:30.000Z, 5038
2017-09-28T08:39:43.000Z, 1704
2018-02-20T04:37:52.000Z, 1018
2018-08-05T19:34:29.000Z, 3429
2018-05-29T21:04:47.000Z, 3045
2018-01-19T01:54:45.000Z, 4424
2018-02-18T01:34:04.000Z, 1273
2018-02-15T20:12:33.000Z, 2964
2017-03-24T14:07:12.000Z, 4518
2017-07-13T07:12:44.000Z, 1081
2017-06-12T12:00:01.000Z, 2824
2018-03-12T13:04:48.000Z, 4857
2018-06-10T17:47:15.000Z, 1218
2017-04-11T04:04:03.000Z, 2740
2018-07-13T19:23:30.000Z, 1233
2017-04-07T15:42:47.000Z, 1862
2017-12-13T03:50:53.000Z, 1763
2018-01-30T20:26:59.000Z, 928
2018-08-31T12:15:57.000Z, 1537
2024-09-01T17:29:26.000Z, 791
2017-08-19T04:20:26.000Z, 2324
2017-08-31T01:04:30.000Z, 2586
2018-11-30T23:11:46.000Z, 1110
2018-03-29T23:47:35.000Z, 703
2018-03-29T22:17:24.000Z, 346
2020-01-26T21:22:40.000Z, 776
2017-06-13T19:14:04.000Z, 1920
2018-09-24T03:31:26.000Z, 859
2018-05-21T23:02:03.000Z, 1553
2018-05-18T20:22:01.000Z, 3056
2017-07-03T16:32:54.000Z, 715
2018-01-18T21:19:32.000Z, 450
2018-08-01T04:24:41.000Z, 1284
2018-07-13T19:54:15.000Z, 1561
2018-09-06T23:10:40.000Z, 2402
2018-04-03T02:37:22.000Z, 1421
2018-11-09T14:56:35.000Z, 622
2018-06-11T02:25:27.000Z, 1550
2018-04-09T04:09:30.000Z, 1607
2018-08-14T07:33:32.000Z, 1179
2017-09-14T17:24:42.000Z, 5696
2018-12-05T05:53:53.000Z, 1268
2018-06-05T16:24:23.000Z, 2415
2019-03-14T23:47:25.000Z, 1262
2018-06-03T03:49:51.000Z, 2055
2017-06-06T11:17:09.000Z, 2505
2018-04-06T03:09:30.000Z, 1285
2017-10-25T06:23:07.000Z, 654
2017-07-09T12:23:30.000Z, 2250
2018-01-10T01:15:20.000Z, 1682
2017-05-03T01:48:38.000Z, 1112
2018-06-22T15:33:46.000Z, 1311
2017-11-22T21:37:19.000Z, 3053
2018-05-31T16:26:32.000Z, 366
2018-02-08T22:20:19.000Z, 991
2017-07-26T08:00:33.000Z, 2148
2018-12-07T09:52:31.000Z, 1271
2018-07-01T13:28:02.000Z, 1129
2018-04-16T01:06:32.000Z, 1642
2018-03-19T20:21:58.000Z, 1345
2018-07-23T05:58:16.000Z, 499
2018-05-02T09:44:23.000Z, 845
2020-01-22T12:49:50.000Z, 2207
2018-06-06T19:25:30.000Z, 3679
2017-05-30T19:51:58.000Z, 1608
2018-06-04T03:35:00.000Z, 4181
2017-08-09T19:34:35.000Z, 5332
2018-12-15T15:02:04.000Z, 3674
2018-04-24T08:52:27.000Z, 1007
2017-07-20T07:44:57.000Z, 1697
2018-05-09T16:45:37.000Z, 1949
2018-06-17T07:05:39.000Z, 2350
2018-03-22T00:00:19.000Z, 4358
2019-02-28T15:18:17.000Z, 4399
2017-06-17T18:33:03.000Z, 1007
2024-01-29T16:50:18.000Z, 12232
2018-12-26T22:21:56.000Z, 677
2018-06-15T03:32:14.000Z, 1096
2019-01-21T19:19:31.000Z, 1320
2019-02-10T03:07:58.000Z, 381
2018-02-18T00:57:58.000Z, 1275
2018-09-20T21:29:44.000Z, 849
2018-02-18T06:47:47.000Z, 779
2018-03-14T20:51:56.000Z, 2026
2018-04-25T01:06:49.000Z, 551
2017-06-07T19:20:45.000Z, 1485
2018-06-15T03:54:30.000Z, 6133
2019-01-01T01:15:53.000Z, 1361
2019-03-10T07:02:21.000Z, 337
2018-04-22T21:10:19.000Z, 911
2018-03-07T23:29:14.000Z, 1745
2019-02-10T18:59:42.000Z, 1786
2018-04-18T02:01:14.000Z, 489
2017-05-21T22:59:35.000Z, 1169
2017-05-06T11:56:07.000Z, 3425
2018-03-02T20:01:16.000Z, 1658
2017-07-06T01:27:06.000Z, 1041
2018-05-09T23:41:22.000Z, 981
2018-10-07T17:09:04.000Z, 2035
2018-03-11T19:54:37.000Z, 1987
2017-10-06T16:43:45.000Z, 1756
2017-06-28T22:25:08.000Z, 3638
2018-07-09T22:40:38.000Z, 7736
2017-05-03T01:56:16.000Z, 1481
2017-06-28T15:04:59.000Z, 363
2019-01-17T16:50:54.000Z, 1289
2017-07-14T03:01:26.000Z, 864
2017-10-07T06:30:43.000Z, 1182
2019-02-18T01:53:37.000Z, 3006
2018-04-01T04:10:45.000Z, 1642
2017-12-24T00:19:07.000Z, 1674
2018-01-01T15:20:50.000Z, 2174
2018-06-22T05:56:47.000Z, 1902
2018-01-31T16:50:39.000Z, 1259
2017-03-27T18:32:22.000Z, 2571
2018-01-17T01:35:27.000Z, 2086
2018-07-08T13:25:35.000Z, 2668
2017-05-17T08:11:34.000Z, 2058
2018-06-19T02:12:52.000Z, 4041
2018-02-11T22:03:05.000Z, 1722
2018-03-08T02:23:12.000Z, 2150
2018-08-04T04:44:46.000Z, 1878
2018-07-20T23:28:50.000Z, 3684
2018-02-17T20:45:56.000Z, 1023
2019-01-02T22:21:06.000Z, 844
2018-06-14T03:26:11.000Z, 2722
2018-03-13T19:08:22.000Z, 1044
2019-01-03T00:50:53.000Z, 2637
2017-07-30T16:51:05.000Z, 2439
2017-06-22T17:26:13.000Z, 2030
2017-06-15T19:59:09.000Z, 511
2019-02-06T23:40:29.000Z, 797
2018-06-06T03:12:07.000Z, 2850
2018-06-01T04:02:15.000Z, 2842
2018-04-17T19:55:50.000Z, 1594
2018-02-18T19:24:12.000Z, 1084
2018-02-18T00:45:14.000Z, 2444
2021-09-06T00:27:04.000Z, 251
2021-09-01T02:27:40.000Z, 1931
2018-06-08T15:49:16.000Z, 1407
2018-06-06T17:51:10.000Z, 763
2019-03-11T03:33:15.000Z, 1193
2018-05-01T12:36:17.000Z, 611
2017-11-28T01:37:57.000Z, 1649
2020-11-15T05:51:09.000Z, 2436
2018-06-12T11:01:26.000Z, 1898
2018-06-15T14:52:39.000Z, 1509
2018-02-19T04:35:53.000Z, 761
2017-12-03T12:58:28.000Z, 2065
2018-02-26T12:33:21.000Z, 3375
2019-04-10T19:12:33.000Z, 525
2019-01-20T17:06:30.000Z, 3054
2019-02-20T21:25:29.000Z, 393
2018-03-18T16:15:07.000Z, 2124
2017-09-07T05:07:41.000Z, 1570
2018-05-19T20:03:18.000Z, 1776
2017-08-18T19:43:25.000Z, 1597
2018-05-11T21:08:25.000Z, 973
2017-05-26T05:06:19.000Z, 1659
2017-07-22T14:09:29.000Z, 2440
2017-10-06T21:27:37.000Z, 7503
2018-06-22T02:48:22.000Z, 2340
2017-11-17T15:51:44.000Z, 2134
2018-05-05T07:54:53.000Z, 535
2018-06-06T23:29:14.000Z, 478
2018-04-11T04:15:38.000Z, 710
2019-02-16T13:33:35.000Z, 4075
2018-09-12T20:25:28.000Z, 4255
2018-01-06T04:07:14.000Z, 4691
2018-04-02T23:47:03.000Z, 1149
2018-07-08T02:39:41.000Z, 11
2019-03-11T00:40:04.000Z, 2891
2018-06-10T20:13:57.000Z, 913
2018-05-26T02:42:31.000Z, 5125
2017-03-30T00:20:06.000Z, 2359
2019-02-25T16:55:33.000Z, 432
2019-03-19T22:44:05.000Z, 965
2020-07-05T21:39:48.000Z, 6739
2017-08-11T14:35:16.000Z, 1854
2018-07-18T05:27:22.000Z, 1623
2018-05-08T18:35:00.000Z, 912
2019-02-04T18:58:32.000Z, 567
2017-04-21T12:46:07.000Z, 1999
2022-06-14T01:34:02.000Z, 464
2018-06-04T04:02:18.000Z, 6462
2018-04-30T12:45:26.000Z, 460
2018-11-18T13:28:14.000Z, 1833
2018-02-19T04:25:10.000Z, 482
2018-04-25T23:00:02.000Z, 937
2017-06-08T00:05:42.000Z, 1000
2018-07-02T20:19:13.000Z, 8220
2017-06-23T23:38:09.000Z, 2167
2017-05-15T19:17:37.000Z, 4259
2018-04-10T02:19:10.000Z, 1463
2017-07-15T19:50:58.000Z, 1050
2017-10-01T18:50:09.000Z, 4608
2018-05-17T04:29:17.000Z, 4147
2018-08-11T18:37:54.000Z, 1486
2018-06-20T21:35:58.000Z, 3160
2017-10-14T20:53:57.000Z, 243
2018-04-26T01:40:55.000Z, 728
2018-11-26T18:35:47.000Z, 2121
2017-08-24T19:11:14.000Z, 1709
2018-08-24T01:11:39.000Z, 5970
2018-09-01T08:51:32.000Z, 704
2018-03-06T03:22:55.000Z, 4771
2018-04-05T14:46:53.000Z, 1392
2017-05-01T04:23:58.000Z, 563
2018-04-23T20:25:58.000Z, 2072
2017-09-23T23:19:06.000Z, 1513
2018-01-29T05:13:24.000Z, 1412
2018-03-20T03:26:11.000Z, 2039
2018-05-20T17:20:26.000Z, 1800
2019-02-11T17:44:11.000Z, 2580
2017-07-25T17:52:40.000Z, 2584
2018-04-11T15:01:46.000Z, 2178
2019-06-19T04:59:41.000Z, 613
2017-07-06T01:40:24.000Z, 551
2018-06-02T21:51:44.000Z, 941
2017-06-15T20:34:05.000Z, 1885
2017-11-08T21:51:52.000Z, 1305
2018-03-12T22:07:51.000Z, 671
2018-06-11T20:42:02.000Z, 2452
2018-10-10T03:01:38.000Z, 690
2017-10-31T20:44:40.000Z, 1159
2019-02-27T21:57:53.000Z, 361
2018-08-01T01:40:20.000Z, 1104
2018-06-07T16:05:54.000Z, 1151
2017-07-27T09:43:42.000Z, 1935
2018-02-13T17:58:08.000Z, 942
2019-01-22T12:54:33.000Z, 5632
2017-11-04T06:49:40.000Z, 3230
2019-02-08T05:59:55.000Z, 1943
2019-02-15T17:49:12.000Z, 5399
2020-09-10T03:13:06.000Z, 3761
2018-09-09T03:40:36.000Z, 2177
2018-08-01T11:31:46.000Z, 3205
2019-03-01T02:24:21.000Z, 675
2017-08-03T01:49:00.000Z, 451
2019-02-06T20:02:07.000Z, 1830
2019-02-12T00:40:59.000Z, 385
2017-05-16T23:43:20.000Z, 753
2018-08-16T16:15:36.000Z, 1750
2018-08-11T13:37:05.000Z, 1640
2019-02-14T22:17:24.000Z, 480
2018-09-16T06:42:44.000Z, 1688
2017-07-31T23:44:08.000Z, 1057
2018-11-09T02:48:38.000Z, 1169
2018-06-01T01:07:05.000Z, 1032
2018-08-01T19:04:41.000Z, 1289
2018-02-19T00:33:19.000Z, 226
2018-06-15T03:56:43.000Z, 1741
2018-04-21T03:41:50.000Z, 3666
2017-12-14T14:23:55.000Z, 1601
2019-03-06T01:11:48.000Z, 1963
2018-06-15T19:57:26.000Z, 880
2018-06-21T14:55:04.000Z, 1575
2018-02-18T21:43:02.000Z, 710
2018-04-26T19:17:10.000Z, 1343
2018-05-21T06:04:01.000Z, 1238
2018-02-19T04:19:55.000Z, 1655
2018-02-19T03:54:18.000Z, 960
2018-02-18T04:54:16.000Z, 2245
2017-07-11T19:22:00.000Z, 2603
2017-11-11T03:21:09.000Z, 3595
2023-05-19T04:23:55.000Z, 2615
2017-09-01T01:49:27.000Z, 1347
2017-06-02T12:24:10.000Z, 1172
2018-06-12T07:43:08.000Z, 1855
2018-05-23T01:43:17.000Z, 750
2017-10-27T08:40:30.000Z, 1230
2019-01-27T18:26:19.000Z, 1639
2018-08-19T22:14:08.000Z, 1715
2018-06-29T03:33:01.000Z, 2130
2019-03-14T23:15:43.000Z, 436
2018-01-17T16:20:08.000Z, 3871
2019-03-10T13:34:09.000Z, 588
2018-03-01T03:24:01.000Z, 3184
2019-03-01T06:13:06.000Z, 287
2018-03-05T19:33:59.000Z, 429
2018-06-08T17:28:55.000Z, 1256
2017-06-21T23:13:25.000Z, 1186
2017-06-10T19:22:18.000Z, 571
2018-07-27T03:16:05.000Z, 1093
2019-01-09T23:33:13.000Z, 194
2018-02-17T15:36:43.000Z, 553
2018-01-18T19:15:05.000Z, 1135
2018-03-17T00:39:06.000Z, 477
2018-06-17T12:13:52.000Z, 1808
2017-06-19T07:45:36.000Z, 3352
2017-05-12T23:47:09.000Z, 1585
2018-02-19T19:47:08.000Z, 745
2018-05-31T20:23:22.000Z, 888
2018-06-16T18:21:38.000Z, 1355
2018-08-14T16:04:46.000Z, 1738
2018-07-03T01:17:18.000Z, 2332
2017-11-16T05:35:20.000Z, 1115
2018-05-10T12:47:05.000Z, 1015
2017-10-22T18:54:40.000Z, 860
2021-02-14T06:53:41.000Z, 2971
2022-12-28T16:54:13.000Z, 2067
2017-09-17T09:07:25.000Z, 3462
2017-12-14T08:30:10.000Z, 6491
2018-01-02T04:27:27.000Z, 3946
2019-01-19T23:20:39.000Z, 1021
2018-04-24T16:28:56.000Z, 966
2017-06-16T16:46:43.000Z, 1494
2018-06-15T03:36:27.000Z, 1700
2019-03-11T03:07:48.000Z, 3467
2017-11-24T22:37:07.000Z, 744
2019-03-02T18:35:41.000Z, 780
2022-12-28T19:58:43.000Z, 1974
2018-10-03T00:02:56.000Z, 1423
2019-03-10T09:19:59.000Z, 538
2018-04-15T18:47:28.000Z, 1884
2018-10-12T00:23:06.000Z, 1842
2019-02-26T19:23:56.000Z, 560
2018-05-25T00:19:49.000Z, 771
2019-03-01T04:19:09.000Z, 1238
2018-04-07T04:46:14.000Z, 1389
2018-02-12T03:36:49.000Z, 2964
2018-05-01T20:02:36.000Z, 1014
2021-03-10T00:13:08.000Z, 1032
2018-08-17T22:07:43.000Z, 1739
2021-08-16T15:59:29.000Z, 2712
2017-09-20T19:49:14.000Z, 2690
2017-07-25T19:25:54.000Z, 1431
2018-04-28T14:00:15.000Z, 1963
2019-01-03T01:54:46.000Z, 1071
2018-02-22T02:11:10.000Z, 682
2018-02-12T02:16:37.000Z, 3992
2018-08-10T22:28:21.000Z, 3298
2018-03-17T02:32:07.000Z, 2247
2019-02-20T21:15:34.000Z, 798
2017-05-31T14:16:59.000Z, 763
2018-05-19T04:00:12.000Z, 3229
2018-09-18T06:04:53.000Z, 290
2017-05-15T21:00:28.000Z, 982
2018-06-12T02:41:06.000Z, 501
2018-03-01T04:26:31.000Z, 1872
2018-04-07T22:45:30.000Z, 2408
2019-02-05T04:05:59.000Z, 1988
2018-03-15T21:32:38.000Z, 920
2018-03-04T18:49:43.000Z, 1505
2018-02-19T02:08:47.000Z, 645
2017-06-18T19:48:28.000Z, 713
2018-08-09T09:32:34.000Z, 2934
2018-01-08T00:05:35.000Z, 2156
2019-02-07T04:07:03.000Z, 422
2020-04-04T20:40:29.000Z, 5037
2018-12-09T16:20:11.000Z, 711
2017-07-18T00:42:58.000Z, 1998
2018-08-01T11:39:19.000Z, 1747
2018-05-25T21:28:54.000Z, 647
2019-02-06T16:14:09.000Z, 855
2017-06-19T22:17:21.000Z, 729
2018-06-03T19:20:37.000Z, 1749
2018-01-31T01:43:21.000Z, 1689
2019-01-25T01:39:42.000Z, 1059
2017-05-20T01:47:21.000Z, 1234
2021-01-12T21:40:46.000Z, 1932
2019-03-10T15:32:20.000Z, 1142
2018-02-16T21:11:44.000Z, 1859
2017-06-02T23:58:33.000Z, 1493
2017-07-05T08:48:40.000Z, 705
2018-09-03T00:59:29.000Z, 1562
2018-02-20T03:41:10.000Z, 1690
2018-04-24T19:44:23.000Z, 635
2017-12-25T19:22:07.000Z, 2507
2017-06-15T01:07:14.000Z, 1436
2018-04-01T17:11:46.000Z, 1077
2018-03-19T21:30:02.000Z, 1758
2018-03-31T02:53:25.000Z, 3676
2017-08-02T18:44:22.000Z, 3134
2017-03-24T04:03:14.000Z, 2908
2018-02-14T01:44:21.000Z, 2273
2018-03-18T18:42:47.000Z, 2937
2018-02-18T08:37:50.000Z, 1113
2018-05-10T06:05:57.000Z, 375
2018-04-24T04:04:13.000Z, 912
2018-03-10T04:09:34.000Z, 1634
2018-03-10T04:17:15.000Z, 1740
2018-08-14T08:13:46.000Z, 2580
2018-02-26T22:46:28.000Z, 938
2018-02-12T06:39:54.000Z, 2328
2017-06-17T16:16:11.000Z, 1498
2017-05-12T07:12:17.000Z, 446
2017-03-24T05:42:22.000Z, 758
2019-08-22T16:55:10.000Z, 583
2017-10-13T00:43:49.000Z, 1897
2018-05-10T04:21:24.000Z, 411
2018-02-18T19:48:22.000Z, 651
2019-11-26T03:54:26.000Z, 1424
2018-05-11T23:48:24.000Z, 663
2018-06-26T02:56:55.000Z, 695
2017-10-27T00:08:03.000Z, 1154
2017-05-31T20:17:03.000Z, 2640
2020-06-08T23:28:24.000Z, 4759
2018-06-05T08:29:14.000Z, 1028
2017-09-05T19:51:57.000Z, 565
2018-07-15T02:56:38.000Z, 1222
2017-12-08T04:15:30.000Z, 1162
2018-06-13T19:39:37.000Z, 2731
2018-07-05T15:16:25.000Z, 1659
2018-07-26T00:15:48.000Z, 1778
2018-05-08T12:55:00.000Z, 2501
2018-02-19T23:17:27.000Z, 598
2018-07-21T18:27:41.000Z, 3364
2017-10-21T00:54:22.000Z, 1034
2018-06-24T22:09:16.000Z, 1243
2018-04-21T22:15:43.000Z, 1044
2018-04-03T16:14:32.000Z, 2109
2018-04-19T20:56:16.000Z, 1643
2020-02-22T22:42:12.000Z, 2113
2018-04-09T19:38:23.000Z, 1422
2018-01-05T15:51:50.000Z, 4015
2021-10-05T05:04:38.000Z, 1561
2018-02-19T04:21:18.000Z, 1087
2018-01-08T19:54:40.000Z, 4371
2017-09-21T04:17:32.000Z, 1478
2017-11-21T09:32:32.000Z, 3795
2018-03-03T21:53:03.000Z, 469
2018-02-18T04:42:29.000Z, 1004
2018-05-10T00:34:33.000Z, 1603
2018-03-15T02:15:11.000Z, 28482
2018-02-18T00:56:12.000Z, 506
2017-05-04T10:09:15.000Z, 2089
2017-09-01T22:06:40.000Z, 1467
2018-08-19T09:34:07.000Z, 1268
2018-04-02T22:43:29.000Z, 2650
2018-06-22T18:24:21.000Z, 2024
2020-09-10T20:34:50.000Z, 3089
2018-07-24T23:10:49.000Z, 952
2018-08-14T00:47:21.000Z, 3591
2018-04-04T22:40:56.000Z, 596
2022-06-14T01:43:04.000Z, 1093
2018-04-08T19:30:51.000Z, 1159
2018-02-19T14:11:02.000Z, 654
2018-09-01T16:37:10.000Z, 1207
2018-07-26T21:33:17.000Z, 2778
2020-12-29T22:50:52.000Z, 1533
2018-06-27T14:28:14.000Z, 731
2018-05-12T16:53:59.000Z, 4757
2017-09-06T03:43:32.000Z, 1596
2017-07-15T15:06:53.000Z, 1868
2017-05-10T18:24:49.000Z, 3285
2018-06-20T11:58:49.000Z, 695
2018-07-01T13:39:31.000Z, 1416
2017-07-14T06:07:41.000Z, 1539
2018-06-09T00:25:00.000Z, 4113
2017-08-01T19:56:35.000Z, 784
2017-04-02T02:25:11.000Z, 3570
2020-09-18T18:51:09.000Z, 2597
2018-01-23T15:11:58.000Z, 1802
2021-11-16T04:44:49.000Z, 1061
2018-05-01T16:18:03.000Z, 1658
2018-07-15T17:31:51.000Z, 1862
2017-06-20T05:39:12.000Z, 1071
2017-05-23T01:01:24.000Z, 1243
2018-04-07T18:31:50.000Z, 1449
2018-02-18T01:16:21.000Z, 620
2025-08-21T22:00:28.000Z, 4115
2018-02-17T13:31:15.000Z, 1706
2017-07-14T19:15:51.000Z, 1215
2018-02-17T08:11:20.000Z, 897
2023-01-03T06:15:08.000Z, 3565
2018-05-15T19:22:03.000Z, 1161
2018-02-25T02:03:31.000Z, 1734
2018-05-19T18:31:38.000Z, 3093
2017-12-09T23:01:47.000Z, 2308
2018-02-21T20:38:47.000Z, 4144
2019-03-26T04:57:40.000Z, 2557
2018-08-11T19:40:10.000Z, 2423
2017-04-03T21:32:35.000Z, 8012
2017-09-21T20:25:15.000Z, 1557
2018-02-12T03:40:33.000Z, 1790
2017-10-17T18:40:07.000Z, 1554
2017-05-14T22:04:03.000Z, 1514
2017-10-13T15:46:34.000Z, 1942
2017-10-01T12:18:39.000Z, 1383
2017-08-08T19:55:57.000Z, 3655
2017-06-05T09:30:03.000Z, 2275
2017-04-10T23:34:46.000Z, 2388
2017-03-26T19:56:34.000Z, 9243
2022-10-16T00:49:56.000Z, 4910
2018-07-05T02:29:45.000Z, 6155
2018-08-01T04:00:34.000Z, 2462
2018-07-10T21:52:27.000Z, 2675
2018-07-01T19:33:28.000Z, 4659
2018-07-02T11:50:02.000Z, 7395
2018-07-11T08:03:29.000Z, 2290
2018-08-01T03:59:59.000Z, 6920
2018-07-01T19:02:36.000Z, 4004
2018-08-01T03:23:14.000Z, 4370
2018-07-06T19:47:25.000Z, 8255
2018-07-30T22:55:10.000Z, 4996
2018-07-09T06:08:08.000Z, 2787
2018-07-01T13:31:30.000Z, 1826
2018-07-17T07:01:37.000Z, 3080
2018-09-01T19:50:51.000Z, 1564
2018-07-04T01:02:35.000Z, 5430
2018-08-20T04:25:13.000Z, 1073
2020-02-11T01:05:23.000Z, 342
2018-08-01T03:52:00.000Z, 3103
2019-11-26T01:41:01.000Z, 1348
2018-08-20T17:48:28.000Z, 1055
2018-08-20T08:20:00.000Z, 6693
2018-10-02T15:47:51.000Z, 1452
2018-07-26T09:27:11.000Z, 1901
2019-11-29T16:36:58.000Z, 805
2018-10-04T17:44:03.000Z, 408
2018-08-21T03:21:05.000Z, 3701
2018-10-13T22:33:36.000Z, 6139
2018-10-12T14:58:02.000Z, 1092
2018-12-27T06:52:47.000Z, 840
2018-11-02T02:21:04.000Z, 962
2018-10-27T15:17:57.000Z, 1019
2018-10-15T17:38:00.000Z, 1058
2018-10-25T15:54:57.000Z, 1163
2018-07-18T16:21:57.000Z, 8143
2018-11-24T16:19:34.000Z, 3465
2018-10-28T21:30:18.000Z, 1245
2018-09-24T21:18:41.000Z, 1001
2018-07-01T05:21:38.000Z, 3893
2018-07-31T18:18:58.000Z, 1350
2018-09-23T02:41:43.000Z, 3697
2019-01-17T10:54:34.000Z, 6400
2018-09-17T14:16:05.000Z, 481
2018-11-20T21:00:54.000Z, 654
2019-06-01T15:51:08.000Z, 599
2018-12-07T14:49:22.000Z, 1699
2018-08-20T13:42:22.000Z, 1492
2018-08-29T11:50:07.000Z, 1708
2018-09-30T04:32:46.000Z, 673
2018-12-01T20:12:52.000Z, 5555
2019-09-04T10:44:11.000Z, 2413
2024-12-18T21:48:03.000Z, 618
2018-12-11T16:30:43.000Z, 1379
2018-09-07T14:59:32.000Z, 1566
2019-07-09T16:38:58.000Z, 2452
2018-07-03T01:33:26.000Z, 3000
2018-12-02T19:04:21.000Z, 4764
2019-01-16T23:35:58.000Z, 2166
2018-10-01T00:36:09.000Z, 1733
2018-10-20T14:12:32.000Z, 1371
2019-03-01T19:59:03.000Z, 854
2019-01-04T22:40:32.000Z, 1701
2019-05-23T04:27:46.000Z, 2365
2019-03-31T23:26:28.000Z, 601
2018-07-28T00:24:18.000Z, 6114
2018-12-03T20:21:27.000Z, 1350
2019-03-06T14:56:17.000Z, 1013
2018-07-11T22:27:46.000Z, 4086
2018-08-28T05:34:57.000Z, 399
2019-03-19T06:21:53.000Z, 1426
2025-10-24T18:31:39.000Z, 3312
2019-01-19T04:19:52.000Z, 1807
2018-12-25T02:14:49.000Z, 1150
2018-10-08T22:45:06.000Z, 2595
2018-11-21T23:08:00.000Z, 2076
2018-07-31T21:38:57.000Z, 4092
2019-02-01T03:33:51.000Z, 1411
2018-07-31T03:42:13.000Z, 2284
2018-09-17T06:04:05.000Z, 380
2019-03-18T01:55:04.000Z, 2314
2019-02-28T23:36:40.000Z, 1772
2018-12-12T13:30:04.000Z, 694
2018-12-12T15:55:01.000Z, 1243
2022-06-25T19:38:39.000Z, 6173
2019-03-29T05:49:47.000Z, 4260
2019-04-01T11:50:57.000Z, 724
2018-08-21T03:00:25.000Z, 990
2019-04-03T02:27:07.000Z, 1437
2018-08-20T17:58:44.000Z, 1381
2019-04-22T06:14:53.000Z, 371
2019-04-04T22:41:01.000Z, 1316
2018-09-05T07:18:38.000Z, 787
2018-12-11T16:00:58.000Z, 2453
2018-11-10T03:48:49.000Z, 969
2018-10-02T21:28:50.000Z, 895
2018-08-22T20:57:16.000Z, 3309
2019-05-12T16:49:02.000Z, 278
2018-07-05T07:35:51.000Z, 4748
2018-07-01T03:59:46.000Z, 1362
2018-07-17T16:54:16.000Z, 5656
2018-10-03T02:40:43.000Z, 1957
2019-03-30T15:59:33.000Z, 813
2022-07-31T02:47:46.000Z, 1073
2018-09-17T01:21:28.000Z, 1031
2021-09-19T23:36:00.000Z, 2147
2019-04-06T13:45:06.000Z, 630
2018-10-21T20:55:56.000Z, 2065
2020-01-28T01:57:29.000Z, 1386
2018-10-31T02:46:55.000Z, 2828
2018-08-20T04:33:25.000Z, 4640
2018-07-03T20:02:11.000Z, 1619
2018-08-25T22:39:38.000Z, 949
2018-10-16T20:18:13.000Z, 1357
2019-03-10T07:17:53.000Z, 1551
2018-12-24T15:14:31.000Z, 2183
2018-09-28T21:12:03.000Z, 1492
2019-01-08T19:05:36.000Z, 2836
2019-02-01T20:25:15.000Z, 1016
2018-12-30T07:22:13.000Z, 2399
2019-04-12T02:29:44.000Z, 1346
2024-11-26T21:43:20.000Z, 1886
2019-02-27T19:58:51.000Z, 1475
2018-09-14T21:22:26.000Z, 3989
2018-10-30T02:04:20.000Z, 2755
2019-04-15T08:51:28.000Z, 1414
2019-04-10T04:43:19.000Z, 3198
2019-01-24T08:04:54.000Z, 1283
2018-07-06T18:20:21.000Z, 1361
2018-07-11T04:05:19.000Z, 2763
2019-04-11T18:35:59.000Z, 4241
2018-12-27T23:36:08.000Z, 386
2018-09-22T18:24:18.000Z, 747
2019-08-19T20:15:37.000Z, 1836
2019-02-20T22:18:52.000Z, 1123
2019-04-09T14:30:34.000Z, 1275
2018-10-21T10:37:31.000Z, 2444
2018-11-29T22:40:22.000Z, 931
2018-09-06T17:57:51.000Z, 672
2019-05-07T23:13:08.000Z, 1262
2019-02-21T21:39:14.000Z, 2168
2019-03-15T04:35:53.000Z, 1582
2018-12-29T13:49:39.000Z, 826
2019-03-29T05:19:02.000Z, 1402
2018-10-13T23:30:03.000Z, 775
2018-10-02T14:09:42.000Z, 2485
2018-09-10T13:17:40.000Z, 1473
2019-05-06T01:41:53.000Z, 1289
2019-05-09T18:17:44.000Z, 1947
2019-06-08T01:54:45.000Z, 600
2019-04-18T00:21:24.000Z, 1311
2019-08-04T01:50:43.000Z, 2681
2018-12-14T00:18:32.000Z, 1341
2019-02-12T01:02:05.000Z, 2680
2019-04-09T06:22:55.000Z, 3362
2018-07-03T07:44:31.000Z, 1960
2019-04-04T14:12:01.000Z, 1251
2019-08-05T23:06:55.000Z, 1354
2018-09-29T16:39:16.000Z, 2256
2018-08-24T22:55:31.000Z, 2511
2019-06-11T13:58:30.000Z, 789
2018-08-20T04:36:25.000Z, 1587
2018-11-26T15:54:40.000Z, 1320
2022-02-19T21:11:06.000Z, 3736
2018-08-29T15:10:56.000Z, 963
2018-12-22T19:30:03.000Z, 1650
2019-01-28T00:43:55.000Z, 2059
2018-12-29T02:15:16.000Z, 788
2019-03-05T03:25:31.000Z, 1687
2019-12-15T13:38:53.000Z, 2604
2019-06-01T11:06:14.000Z, 1429
2019-07-03T16:56:24.000Z, 658
2019-01-05T02:28:04.000Z, 762
2019-02-24T19:39:10.000Z, 3374
2018-07-31T10:00:48.000Z, 11711
2019-03-14T12:22:01.000Z, 751
2019-05-09T21:56:58.000Z, 1150
2019-06-09T14:11:36.000Z, 1854
2019-08-07T21:58:11.000Z, 2383
2019-05-10T02:49:41.000Z, 1993
2019-04-24T14:55:19.000Z, 1796
2019-05-23T03:46:15.000Z, 661
2019-06-05T19:40:22.000Z, 2486
2019-03-15T01:20:23.000Z, 1774
2019-08-05T01:51:21.000Z, 537
2019-03-15T04:59:46.000Z, 1163
2020-01-18T22:18:52.000Z, 1396
2019-08-23T17:57:26.000Z, 505
2018-12-04T17:29:30.000Z, 1780
2019-05-27T06:35:18.000Z, 535
2019-04-07T20:29:21.000Z, 493
2019-06-07T20:05:58.000Z, 2709
2019-12-06T07:02:41.000Z, 3346
2019-03-11T17:18:46.000Z, 2140
2018-07-21T20:23:39.000Z, 2886
2018-07-13T20:17:33.000Z, 5327
2018-09-04T22:57:19.000Z, 2434
2018-09-06T02:12:46.000Z, 509
2019-11-27T03:00:13.000Z, 666
2019-10-12T14:06:41.000Z, 1025
2019-01-11T22:14:36.000Z, 48
2019-04-08T15:10:03.000Z, 1645
2019-05-09T02:39:47.000Z, 2406
2019-05-28T17:32:40.000Z, 2485
2019-02-17T02:11:29.000Z, 733
2019-05-29T03:55:23.000Z, 1730
2019-06-15T18:45:04.000Z, 657
2018-10-25T14:11:47.000Z, 1239
2019-02-18T01:30:58.000Z, 629
2022-01-03T04:49:57.000Z, 1237
2019-08-03T02:58:42.000Z, 1274
2019-03-10T16:07:39.000Z, 474
2018-12-19T17:49:44.000Z, 3478
2019-06-29T02:56:34.000Z, 1744
2019-07-15T12:29:43.000Z, 1264
2018-07-14T02:59:31.000Z, 5712
2019-02-12T20:34:40.000Z, 1496
2018-08-20T05:25:02.000Z, 1429
2019-06-04T22:02:52.000Z, 2414
2018-07-30T13:09:31.000Z, 8659
2018-10-16T03:34:58.000Z, 783
2019-02-24T23:40:09.000Z, 1332
2018-11-21T17:24:12.000Z, 3468
2019-06-04T17:02:35.000Z, 2163
2019-06-09T22:26:39.000Z, 1330
2022-10-15T07:09:04.000Z, 7708
2018-08-23T04:01:25.000Z, 21027
2019-05-16T19:37:50.000Z, 1560
2019-03-27T03:24:36.000Z, 1880
2019-03-10T10:39:20.000Z, 583
2019-03-25T23:40:31.000Z, 388
2019-07-28T07:27:22.000Z, 2577
2019-12-17T19:06:10.000Z, 1721
2023-03-23T15:05:56.000Z, 6053
2018-08-24T20:22:23.000Z, 14852
2019-08-15T22:22:42.000Z, 1697
2019-02-09T13:09:25.000Z, 4544
2018-07-11T23:50:59.000Z, 1766
2018-08-20T17:36:06.000Z, 912
2019-03-05T19:12:56.000Z, 493
2020-07-29T10:52:40.000Z, 1931
2019-05-13T18:15:00.000Z, 9868
2019-08-20T21:23:48.000Z, 567
2018-11-09T04:55:42.000Z, 3531
2018-10-09T14:02:35.000Z, 2071
2018-11-07T19:11:27.000Z, 3048
2019-06-20T20:43:27.000Z, 2568
2019-04-16T19:33:07.000Z, 855
2019-03-01T19:23:33.000Z, 831
2019-08-09T23:54:40.000Z, 1137
2018-11-28T21:15:29.000Z, 1631
2019-06-24T17:13:02.000Z, 1048
2019-07-03T21:11:40.000Z, 679
2019-08-13T02:09:17.000Z, 1314
2018-12-21T18:15:40.000Z, 1991
2019-04-03T00:13:16.000Z, 1264
2019-07-16T23:37:32.000Z, 2823
2018-07-04T13:07:57.000Z, 2347
2019-08-14T22:44:30.000Z, 2035
2019-05-29T01:06:59.000Z, 1160
2019-09-07T07:20:14.000Z, 1224
2019-01-08T02:48:28.000Z, 1798
2019-05-10T17:59:48.000Z, 405
2019-03-13T05:01:17.000Z, 426
2019-03-14T05:01:18.000Z, 721
2019-06-10T20:38:30.000Z, 834
2019-07-18T16:48:05.000Z, 724
2019-04-13T02:12:51.000Z, 1819
2021-01-22T18:04:45.000Z, 4513
2018-10-10T01:02:28.000Z, 2411
2019-03-24T20:29:20.000Z, 1154
2023-05-25T06:50:01.000Z, 7244
2019-05-16T10:07:39.000Z, 1705
2019-08-13T22:42:30.000Z, 1723
2019-06-15T00:48:01.000Z, 710
2019-02-10T01:41:26.000Z, 952
2019-05-01T13:58:04.000Z, 2492
2018-12-08T03:14:43.000Z, 1636
2019-02-15T00:28:38.000Z, 1726
2019-05-03T02:31:49.000Z, 1482
2019-08-30T00:57:35.000Z, 1038
2019-04-26T00:49:47.000Z, 1192
2019-01-30T00:16:06.000Z, 1168
2019-08-27T01:08:57.000Z, 2823
2019-03-10T05:02:05.000Z, 1028
2020-09-15T16:22:28.000Z, 451
2019-06-29T18:06:11.000Z, 796
2018-10-13T01:56:17.000Z, 8117
2019-04-16T22:09:11.000Z, 2058
2020-05-13T10:20:18.000Z, 2710
2019-09-06T22:40:25.000Z, 835
2019-05-31T03:44:13.000Z, 2263
2019-01-30T16:22:52.000Z, 2083
2018-08-24T20:55:59.000Z, 3079
2018-07-01T05:27:33.000Z, 2920
2019-04-18T14:03:21.000Z, 1151
2019-01-18T22:56:06.000Z, 1148
2019-02-02T02:14:08.000Z, 2054
2019-05-15T02:03:30.000Z, 2411
2019-09-12T06:00:18.000Z, 1926
2019-07-01T22:49:19.000Z, 1326
2019-08-14T13:29:39.000Z, 1274
2018-10-05T17:47:37.000Z, 883
2019-01-17T04:32:21.000Z, 1380
2019-05-04T01:57:29.000Z, 795
2019-03-30T23:22:22.000Z, 740
2019-05-11T19:45:34.000Z, 772
2025-11-09T21:34:29.000Z, 953
2018-11-05T17:59:32.000Z, 4923
2019-06-04T15:27:01.000Z, 1370
2019-08-21T19:04:34.000Z, 872
2019-08-20T19:48:42.000Z, 612
2019-08-31T18:27:55.000Z, 1259
2019-03-01T05:06:40.000Z, 2054
2018-07-03T00:00:24.000Z, 5763
2019-05-13T12:52:37.000Z, 634
2019-01-02T20:46:45.000Z, 440
2019-01-07T20:33:52.000Z, 1363
2018-11-18T03:17:31.000Z, 1207
2019-02-18T17:15:08.000Z, 368
2019-09-09T01:57:45.000Z, 1252
2018-09-06T16:34:54.000Z, 1150
2019-02-16T01:11:48.000Z, 1368
2018-12-07T01:55:41.000Z, 499
2019-05-15T20:16:02.000Z, 1523
2018-09-06T06:28:48.000Z, 527
2018-08-20T04:28:37.000Z, 4007
2018-11-01T14:19:36.000Z, 839
2019-03-02T00:00:49.000Z, 3975
2018-07-06T19:54:31.000Z, 4788
2018-12-31T04:29:32.000Z, 487
2019-07-02T15:55:00.000Z, 3017
2018-11-21T03:38:39.000Z, 1128
2019-12-03T17:30:07.000Z, 789
2019-05-05T23:53:54.000Z, 1471
2019-08-17T15:09:39.000Z, 651
2018-07-31T16:00:41.000Z, 4465
2018-09-27T21:48:38.000Z, 741
2019-11-26T17:14:36.000Z, 1560
2019-09-06T20:01:17.000Z, 596
2019-09-04T19:08:41.000Z, 1540
2018-11-21T00:39:08.000Z, 2266
2019-03-29T01:38:42.000Z, 1049
2019-08-02T19:27:52.000Z, 2482
2019-09-14T18:11:57.000Z, 1139
2019-09-14T23:52:27.000Z, 2538
2019-08-14T12:27:28.000Z, 1219
2019-05-08T18:10:49.000Z, 1801
2019-10-26T16:45:05.000Z, 2203
2019-08-17T03:10:38.000Z, 2273
2019-10-07T18:52:11.000Z, 1948
2019-01-08T00:40:42.000Z, 652
2019-04-01T23:44:17.000Z, 925
2019-10-20T22:26:37.000Z, 2970
2019-11-11T16:35:09.000Z, 1323
2019-06-30T10:11:34.000Z, 3492
2019-01-14T05:56:51.000Z, 319
2019-08-29T19:08:01.000Z, 1999
2019-05-25T13:43:08.000Z, 1089
2019-12-23T03:23:33.000Z, 2663
2019-10-28T17:03:56.000Z, 1050
2019-01-05T04:55:32.000Z, 3839
2022-11-28T04:39:50.000Z, 6594
2019-12-25T19:14:37.000Z, 1835
2019-12-08T18:00:22.000Z, 3226
2019-06-24T20:06:18.000Z, 2227
2019-11-10T20:29:15.000Z, 2296
2019-04-29T15:46:06.000Z, 3349
2019-10-04T15:17:19.000Z, 358
2019-03-12T17:47:20.000Z, 815
2019-11-08T00:56:50.000Z, 2872
2022-09-25T23:43:18.000Z, 775
2019-10-11T11:17:54.000Z, 627
2019-10-02T03:09:36.000Z, 4236
2019-09-21T17:18:40.000Z, 1586
2018-10-02T00:11:16.000Z, 1047
2019-09-21T19:32:01.000Z, 1233
2019-08-12T20:57:57.000Z, 4757
2019-04-25T03:48:57.000Z, 2436
2019-03-14T04:33:08.000Z, 1707
2019-09-24T22:47:32.000Z, 456
2019-04-26T18:30:58.000Z, 7611
2019-11-09T20:43:15.000Z, 664
2019-05-22T03:51:26.000Z, 433
2019-03-19T08:30:49.000Z, 956
2019-11-18T23:18:47.000Z, 337
2019-08-18T14:59:52.000Z, 823
2019-11-11T21:12:00.000Z, 1568
2019-09-20T17:38:35.000Z, 4787
2018-10-19T22:11:09.000Z, 1791
2018-11-01T14:31:27.000Z, 1027
2018-07-17T19:35:39.000Z, 3418
2019-02-14T05:10:29.000Z, 1916
2019-03-02T13:32:49.000Z, 562
2019-01-14T01:10:47.000Z, 6256
2018-09-03T08:58:52.000Z, 934
2018-09-24T22:40:11.000Z, 1078
2019-06-28T15:21:17.000Z, 1316
2019-09-01T02:45:19.000Z, 2112
2018-11-13T01:08:10.000Z, 5627
2018-11-06T22:50:10.000Z, 1141
2018-08-01T03:51:20.000Z, 9094
2018-11-08T08:51:29.000Z, 855
2019-06-11T01:46:48.000Z, 1222
2019-04-14T02:50:28.000Z, 1615
2018-09-11T05:38:55.000Z, 2300
2019-06-15T01:47:40.000Z, 1849
2018-11-15T19:25:54.000Z, 3007
2018-11-18T22:48:31.000Z, 2315
2019-09-14T00:07:12.000Z, 1372
2019-08-06T22:09:29.000Z, 1008
2018-08-20T08:59:55.000Z, 1111
2020-02-05T02:28:21.000Z, 2604
2018-10-14T14:23:29.000Z, 1763
2019-11-09T00:18:10.000Z, 1080
2019-01-31T12:46:30.000Z, 1450
2019-07-01T00:34:35.000Z, 1016
2018-11-05T04:37:17.000Z, 3299
2019-10-07T13:56:49.000Z, 1407
2019-03-12T05:04:17.000Z, 1196
2019-12-08T22:48:50.000Z, 1213
2019-06-09T15:24:31.000Z, 7339
2019-12-31T18:07:44.000Z, 723
2018-12-04T00:33:53.000Z, 3657
2019-01-01T19:00:58.000Z, 2157
2019-04-16T15:18:29.000Z, 2215
2019-08-29T02:35:23.000Z, 2162
2019-10-19T02:41:22.000Z, 2641
2020-01-05T00:49:43.000Z, 1178
2019-05-22T14:27:17.000Z, 2452
2020-05-21T22:24:44.000Z, 838
2019-01-07T17:33:52.000Z, 2604
2018-10-13T20:23:51.000Z, 945
2018-10-18T21:05:52.000Z, 729
2018-07-02T13:10:28.000Z, 9457
2018-07-20T22:12:18.000Z, 2246
2018-11-25T01:14:24.000Z, 789
2019-02-04T12:57:56.000Z, 2351
2019-01-15T01:36:17.000Z, 2684
2018-08-24T03:39:09.000Z, 1988
2019-01-05T19:57:07.000Z, 6315
2019-10-24T17:59:43.000Z, 1120
2019-08-01T22:57:06.000Z, 3957
2019-11-26T20:24:09.000Z, 7296
2019-03-04T17:58:19.000Z, 1556
2018-10-14T19:09:13.000Z, 2137
2019-10-25T15:09:11.000Z, 1274
2019-12-16T01:27:25.000Z, 1021
2019-11-20T18:47:45.000Z, 1291
2019-12-22T16:45:19.000Z, 3733
2019-02-15T00:10:28.000Z, 4095
2020-03-02T03:02:34.000Z, 1870
2020-05-13T18:36:54.000Z, 1945
2019-02-04T19:02:40.000Z, 3054
2019-03-10T11:48:03.000Z, 411
2019-05-09T17:33:10.000Z, 589
2018-11-02T17:49:03.000Z, 2270
2019-03-16T21:11:07.000Z, 1603
2019-08-01T16:19:13.000Z, 1377
2019-11-30T21:15:38.000Z, 1684
2018-12-06T01:09:53.000Z, 1181
2019-02-26T10:18:34.000Z, 601
2019-12-17T07:02:42.000Z, 948
2020-01-08T22:12:38.000Z, 971
2019-03-06T20:01:07.000Z, 949
2019-06-28T13:02:45.000Z, 4474
2020-01-03T04:22:12.000Z, 3958
2018-11-10T21:59:10.000Z, 882
2019-11-17T00:47:07.000Z, 604
2019-01-16T15:07:37.000Z, 2557
2019-01-16T18:59:26.000Z, 1792
2019-06-02T21:23:10.000Z, 698
2019-08-18T22:52:15.000Z, 1132
2020-01-22T01:58:59.000Z, 543
2019-08-10T15:53:17.000Z, 873
2019-08-28T14:03:33.000Z, 6558
2019-12-11T03:51:06.000Z, 2221
2021-03-06T22:07:24.000Z, 1075
2018-12-21T20:44:19.000Z, 1511
2019-06-14T04:09:00.000Z, 984
2019-12-28T16:54:30.000Z, 664
2019-03-13T01:16:29.000Z, 781
2019-12-06T07:22:24.000Z, 729
2019-06-24T02:01:23.000Z, 1318
2019-03-12T09:52:52.000Z, 1250
2019-08-08T20:48:58.000Z, 873
2019-01-01T23:16:09.000Z, 895
2019-06-25T14:00:07.000Z, 3251
2019-03-13T01:42:20.000Z, 5022
2018-08-20T09:13:32.000Z, 1105
2018-07-02T20:21:16.000Z, 40
2019-01-02T15:02:38.000Z, 836
2019-05-04T15:36:22.000Z, 744
2011-08-07T04:13:10.000Z, 1006
2019-02-22T05:35:30.000Z, 10953
2019-05-04T12:46:18.000Z, 1700
2019-08-11T19:48:35.000Z, 1738
2019-06-09T00:53:42.000Z, 3175
2019-10-02T18:49:36.000Z, 960
2021-02-14T21:41:52.000Z, 1219
2019-04-05T00:45:13.000Z, 764
2019-01-10T14:15:43.000Z, 2189
2019-02-21T15:54:30.000Z, 1714
2019-03-12T05:23:03.000Z, 1148
2018-09-03T22:25:24.000Z, 1123
2019-01-04T00:20:43.000Z, 2578
2018-10-01T19:19:09.000Z, 1404
2019-04-12T18:18:37.000Z, 449
2022-08-25T19:29:30.000Z, 476
2019-04-15T13:49:06.000Z, 3469
2018-10-19T15:59:53.000Z, 1432
2019-03-10T06:00:13.000Z, 896
2019-04-18T15:13:03.000Z, 4080
2023-01-06T17:48:02.000Z, 6035
2018-11-17T02:09:59.000Z, 3660
2019-12-20T17:37:36.000Z, 1449
2019-12-15T18:30:34.000Z, 2073
2020-02-17T00:36:29.000Z, 1730
2020-02-21T14:05:19.000Z, 3959
2018-10-03T11:21:01.000Z, 3159
2019-08-21T09:57:52.000Z, 1268
2019-02-26T23:54:38.000Z, 892
2019-03-18T18:44:13.000Z, 1350
2019-05-12T13:12:42.000Z, 1045
2018-12-02T23:22:04.000Z, 2049
2021-03-22T11:50:01.000Z, 930
2019-10-17T22:45:58.000Z, 730
2020-03-09T08:54:52.000Z, 636
2019-08-20T03:53:01.000Z, 1907
2018-07-02T03:09:46.000Z, 4870
2020-01-16T02:41:28.000Z, 1016
2019-10-07T13:30:22.000Z, 1227
2018-12-27T08:43:12.000Z, 1855
2019-02-11T23:20:37.000Z, 1732
2018-08-20T09:00:51.000Z, 512
2018-10-03T16:45:25.000Z, 400
2019-09-12T14:07:12.000Z, 6067
2019-04-25T19:38:20.000Z, 1995
2018-11-22T21:34:15.000Z, 1994
2018-11-03T14:05:44.000Z, 2999
2019-05-27T00:55:02.000Z, 3072
2019-05-19T18:09:06.000Z, 1119
2019-08-15T14:43:10.000Z, 3605
2018-10-25T14:21:12.000Z, 667
2019-04-09T07:11:59.000Z, 1159
2019-06-08T00:40:54.000Z, 1235
2019-06-28T18:58:36.000Z, 6905
2019-05-06T06:52:31.000Z, 292
2018-09-24T00:12:45.000Z, 675
2019-10-23T17:28:25.000Z, 1502
2020-06-10T21:09:43.000Z, 520
2020-01-29T05:06:35.000Z, 640
2019-08-28T17:18:24.000Z, 2288
2019-03-12T23:40:30.000Z, 832
2018-08-20T12:16:05.000Z, 965
2020-01-23T17:07:51.000Z, 3680
2019-03-04T17:36:26.000Z, 1502
2019-04-01T12:15:29.000Z, 1407
2019-02-20T00:08:29.000Z, 2800
2019-05-16T21:28:03.000Z, 1605
2020-03-12T15:08:51.000Z, 913
2020-01-13T23:23:00.000Z, 430
2019-07-01T04:08:22.000Z, 1166
2020-11-26T15:11:34.000Z, 2394
2018-09-24T14:31:27.000Z, 1356
2019-10-01T21:49:30.000Z, 642
2019-09-16T04:06:57.000Z, 1722
2019-02-10T06:49:57.000Z, 2155
2019-11-03T13:58:29.000Z, 4208
2020-01-13T07:33:09.000Z, 2284
2020-02-14T19:32:57.000Z, 2987
2020-09-27T00:46:59.000Z, 3518
2019-03-11T20:38:55.000Z, 2473
2018-10-12T15:34:42.000Z, 7253
2019-07-03T05:48:19.000Z, 1372
2018-08-24T00:38:16.000Z, 1898
2019-04-20T19:38:23.000Z, 448
2019-03-27T01:08:18.000Z, 2436
2018-07-31T13:59:54.000Z, 3780
2019-07-23T19:13:26.000Z, 3103
2020-01-06T00:34:58.000Z, 692
2019-05-15T18:15:57.000Z, 382
2019-12-13T02:36:40.000Z, 1032
2019-06-07T17:53:50.000Z, 357
2019-03-14T10:49:24.000Z, 2352
2018-09-03T03:16:32.000Z, 1980
2018-07-27T01:35:11.000Z, 4179
2019-11-25T05:36:21.000Z, 2872
2019-08-30T05:07:22.000Z, 2379
2019-01-12T22:48:19.000Z, 602
2020-11-28T21:34:39.000Z, 1754
2020-02-03T00:43:31.000Z, 1603
2019-01-30T15:20:25.000Z, 4047
2019-10-16T05:53:32.000Z, 1252
2019-10-16T20:08:18.000Z, 2189
2019-08-12T23:44:18.000Z, 879
2019-01-18T07:06:04.000Z, 983
2019-05-30T16:06:34.000Z, 642
2019-11-19T21:32:22.000Z, 3391
2019-08-15T10:54:14.000Z, 750
2020-10-07T05:33:05.000Z, 1978
2019-04-20T21:50:20.000Z, 2725
2019-01-16T01:47:46.000Z, 1313
2019-05-04T22:56:38.000Z, 719
2019-04-19T01:18:17.000Z, 2292
2019-12-29T02:38:16.000Z, 2150
2022-08-26T10:20:02.000Z, 3417
2019-06-05T03:38:20.000Z, 2717
2019-10-14T16:16:20.000Z, 1314
2020-03-20T12:59:37.000Z, 2326
2019-08-21T18:36:57.000Z, 1992
2020-03-27T09:36:49.000Z, 4289
2018-09-29T11:44:59.000Z, 2192
2019-02-01T08:22:28.000Z, 1797
2019-03-13T13:45:35.000Z, 1402
2020-03-10T16:46:51.000Z, 968
2019-03-15T01:13:39.000Z, 1295
2019-07-01T20:51:01.000Z, 1125
2020-03-25T21:10:18.000Z, 1399
2019-04-01T19:15:40.000Z, 1739
2019-10-04T20:30:27.000Z, 893
2019-03-24T03:51:46.000Z, 2302
2019-01-16T23:47:19.000Z, 859
2019-01-09T17:12:21.000Z, 4217
2020-06-19T23:46:12.000Z, 3267
2018-09-25T22:14:12.000Z, 2209
2020-04-08T18:52:28.000Z, 823
2019-03-25T08:52:52.000Z, 1351
2019-08-30T19:36:45.000Z, 2284
2019-01-03T03:29:56.000Z, 863
2019-09-12T22:34:54.000Z, 1987
2018-12-09T13:29:14.000Z, 1404
2020-02-06T23:42:49.000Z, 1764
2019-07-02T14:33:50.000Z, 2312
2019-01-14T20:48:46.000Z, 3720
2019-11-19T16:52:19.000Z, 1956
2019-09-05T23:08:10.000Z, 1065
2020-03-13T03:25:45.000Z, 2228
2019-12-05T20:42:05.000Z, 1385
2019-02-21T00:52:31.000Z, 705
2018-09-03T20:23:19.000Z, 2359
2019-12-24T12:07:24.000Z, 604
2020-03-31T21:31:25.000Z, 688
2020-04-06T20:57:46.000Z, 2657
2018-08-20T04:19:12.000Z, 1001
2019-08-22T15:16:58.000Z, 3617
2019-05-21T02:01:10.000Z, 1585
2019-06-07T01:22:23.000Z, 818
2018-11-06T12:45:37.000Z, 2395
2019-07-04T17:06:00.000Z, 1867
2018-07-19T17:24:03.000Z, 2828
2019-05-26T18:12:22.000Z, 2239
2019-06-09T21:38:16.000Z, 1500
2018-08-24T20:20:02.000Z, 4164
2019-06-01T04:13:17.000Z, 695
2018-09-09T20:13:27.000Z, 2373
2019-03-10T05:09:51.000Z, 1000
2020-04-08T23:02:35.000Z, 937
2019-08-19T17:47:50.000Z, 1596
2019-10-08T20:59:38.000Z, 1972
2019-06-09T14:28:55.000Z, 888
2019-11-09T18:47:26.000Z, 2511
2019-09-18T20:05:38.000Z, 3780
2023-01-08T23:43:01.000Z, 4112
2018-10-09T00:39:47.000Z, 802
2020-04-10T21:04:39.000Z, 1119
2019-01-10T03:17:07.000Z, 763
2019-09-01T17:58:37.000Z, 1927
2019-02-28T06:58:52.000Z, 1521
2019-10-31T21:20:23.000Z, 1221
2019-09-29T01:05:20.000Z, 804
2020-05-19T14:38:05.000Z, 1828
2019-06-28T01:13:47.000Z, 953
2019-09-12T19:25:04.000Z, 429
2019-03-28T01:09:14.000Z, 1749
2019-11-10T23:36:08.000Z, 2412
2019-06-22T23:56:33.000Z, 2794
2019-09-16T14:04:26.000Z, 1121
2018-12-02T14:00:30.000Z, 3105
2019-08-12T03:47:24.000Z, 1503
2019-02-01T14:23:10.000Z, 2208
2019-03-01T04:58:25.000Z, 900
2019-08-07T12:04:44.000Z, 2806
2019-01-17T12:19:41.000Z, 2455
2018-07-19T12:03:06.000Z, 13660
2019-05-13T23:36:42.000Z, 963
2019-07-25T02:42:07.000Z, 4502
2019-10-01T01:32:26.000Z, 2607
2019-03-02T19:33:23.000Z, 1596
2019-06-22T01:29:46.000Z, 2945
2019-10-16T13:27:17.000Z, 2236
2019-08-16T15:58:25.000Z, 11
2019-10-21T17:55:33.000Z, 774
2019-11-05T21:26:50.000Z, 4776
2019-07-07T02:42:27.000Z, 1137
2019-01-24T23:55:46.000Z, 828
2019-12-15T07:00:06.000Z, 5684
2018-10-26T17:45:16.000Z, 1942
2019-07-01T02:50:49.000Z, 651
2019-10-07T06:03:39.000Z, 3098
2019-11-30T18:28:00.000Z, 2349
2020-01-27T04:29:23.000Z, 1323
2019-01-01T18:36:51.000Z, 2388
2019-03-13T04:01:08.000Z, 1152
2019-06-22T03:57:35.000Z, 1342
2019-12-30T22:42:21.000Z, 988
2019-12-07T00:45:34.000Z, 822
2020-06-08T23:32:45.000Z, 1040
2018-11-15T02:02:49.000Z, 1014
2019-05-01T15:16:56.000Z, 457
2019-03-13T05:00:02.000Z, 609
2022-07-10T01:33:33.000Z, 2643
2019-01-22T18:33:18.000Z, 399
2021-04-03T22:02:50.000Z, 1308
2019-12-16T23:17:08.000Z, 778
2019-06-20T17:47:37.000Z, 1396
2019-07-01T03:36:35.000Z, 2525
2020-01-13T00:39:24.000Z, 1543
2019-09-03T01:46:26.000Z, 1279
2020-05-05T00:15:22.000Z, 3002
2019-03-21T09:23:24.000Z, 1483
2020-01-27T03:16:52.000Z, 2305
2019-01-19T06:31:17.000Z, 957
2019-06-05T09:32:12.000Z, 2043
2020-01-19T23:35:08.000Z, 3453
2019-11-02T01:26:29.000Z, 2101
2019-02-02T02:48:08.000Z, 770
2019-03-14T09:38:06.000Z, 481
2019-12-10T20:52:43.000Z, 832
2018-09-27T01:31:04.000Z, 336
2018-11-01T18:43:08.000Z, 543
2019-02-24T15:30:21.000Z, 2352
2019-01-12T01:52:26.000Z, 3059
2022-10-11T04:43:02.000Z, 3803
2020-06-11T21:14:43.000Z, 214
2019-12-02T03:28:12.000Z, 2295
2020-03-12T02:24:13.000Z, 479
2019-12-17T03:12:56.000Z, 1811
2019-10-02T18:23:52.000Z, 1128
2019-08-29T04:08:57.000Z, 7819
2019-03-16T19:30:57.000Z, 1974
2019-04-14T16:08:54.000Z, 379
2019-01-28T18:32:43.000Z, 6047
2019-10-21T17:45:12.000Z, 1066
2019-09-23T22:19:22.000Z, 316
2020-06-02T19:20:43.000Z, 1859
2019-06-25T17:17:15.000Z, 1550
2019-07-04T20:52:49.000Z, 646
2019-03-14T16:02:39.000Z, 1494
2020-02-03T17:38:38.000Z, 1254
2019-05-11T11:39:07.000Z, 2115
2018-10-13T16:28:24.000Z, 2131
2019-08-13T19:59:16.000Z, 1474
2019-01-16T21:04:27.000Z, 1441
2019-09-06T23:17:18.000Z, 501
2018-08-27T18:49:53.000Z, 823
2019-04-03T14:38:26.000Z, 2177
2019-03-02T17:18:54.000Z, 1933
2018-08-01T03:04:10.000Z, 4027
2019-09-14T23:54:01.000Z, 908
2019-05-26T13:41:27.000Z, 3157
2019-07-17T22:28:55.000Z, 114
2019-10-06T15:48:41.000Z, 676
2019-03-12T03:32:00.000Z, 1295
2020-05-13T09:00:06.000Z, 3573
2019-11-27T01:17:55.000Z, 3912
2020-06-29T15:45:55.000Z, 3218
2019-09-13T16:33:25.000Z, 587
2019-11-05T15:49:38.000Z, 733
2019-03-15T03:08:15.000Z, 1790
2019-08-01T23:03:02.000Z, 1413
2022-04-02T14:45:26.000Z, 325
2019-07-05T05:41:17.000Z, 2840
2019-11-15T18:15:16.000Z, 15752
2019-06-14T02:27:39.000Z, 2645
2019-09-21T15:58:20.000Z, 2388
2019-05-09T13:07:09.000Z, 4932
2019-02-12T12:46:58.000Z, 2904
2018-08-20T13:38:17.000Z, 3426
2018-07-01T19:43:52.000Z, 1579
2019-12-12T18:32:26.000Z, 5667
2019-04-10T18:49:10.000Z, 1771
2019-04-11T04:08:02.000Z, 1875
2019-03-12T14:28:58.000Z, 1930
2019-04-18T17:28:25.000Z, 1388
2019-03-02T05:44:06.000Z, 1708
2019-05-02T20:35:45.000Z, 361
2019-03-10T05:06:31.000Z, 776
2019-08-11T20:00:28.000Z, 812
2019-05-24T21:46:36.000Z, 3515
2019-06-17T01:45:13.000Z, 3140
2018-10-01T03:29:57.000Z, 4841
2019-07-07T06:33:53.000Z, 510
2019-10-19T06:42:15.000Z, 676
2019-08-13T16:33:11.000Z, 970
2018-09-01T22:40:31.000Z, 702
2019-06-01T16:26:34.000Z, 1210
2019-07-09T21:06:05.000Z, 2180
2018-11-12T06:00:20.000Z, 2228
2018-12-01T08:08:46.000Z, 607
2019-12-28T21:09:45.000Z, 2634
2019-09-30T06:25:22.000Z, 1853
2019-07-07T18:43:37.000Z, 1245
2019-05-10T01:26:17.000Z, 305
2020-05-25T09:16:34.000Z, 1789
2019-02-20T10:11:20.000Z, 2567
2019-10-31T23:35:02.000Z, 555
2019-03-22T07:32:57.000Z, 198
2019-08-02T07:53:32.000Z, 1953
2020-01-23T14:39:17.000Z, 999
2019-02-06T17:21:12.000Z, 5186
2020-02-07T21:11:02.000Z, 1501
2019-09-07T17:25:31.000Z, 2168
2019-12-30T20:56:57.000Z, 2105
2018-10-18T02:06:02.000Z, 938
2019-07-02T18:45:59.000Z, 951
2019-12-16T05:09:17.000Z, 2164
2019-03-12T03:11:12.000Z, 8198
2019-06-16T23:17:35.000Z, 1265
2019-10-30T21:59:16.000Z, 1347
2019-03-10T05:00:10.000Z, 535
2019-12-16T23:54:38.000Z, 3257
2019-06-22T04:42:26.000Z, 1694
2019-08-07T04:26:44.000Z, 1768
2018-07-01T14:46:23.000Z, 2809
2018-12-13T17:56:23.000Z, 841
2019-02-01T04:03:18.000Z, 4243
2019-06-25T04:30:29.000Z, 825
2019-11-14T14:57:13.000Z, 2327
2019-03-12T05:01:26.000Z, 1660
2019-05-25T10:18:50.000Z, 2279
2018-08-20T12:28:35.000Z, 2105
2019-09-09T18:25:34.000Z, 3245
2019-05-14T19:00:16.000Z, 1493
2023-01-02T19:35:02.000Z, 1685
2020-01-07T22:57:53.000Z, 2595
2020-04-24T21:32:27.000Z, 1454
2020-04-11T22:02:01.000Z, 684
2019-12-30T00:05:54.000Z, 4007
2018-10-07T11:21:52.000Z, 3612
2019-09-21T16:26:14.000Z, 2257
2019-07-09T17:58:56.000Z, 2826
2019-03-13T02:35:49.000Z, 616
2019-07-11T20:20:37.000Z, 3370
2019-01-18T01:40:13.000Z, 1006
2019-06-11T08:31:27.000Z, 2300
2019-12-17T00:26:41.000Z, 1187
2019-01-24T17:47:25.000Z, 1889
2020-01-06T19:06:39.000Z, 1455
2020-01-03T02:20:44.000Z, 3272
2019-06-11T15:32:16.000Z, 4916
2019-07-24T18:46:28.000Z, 414
2019-11-16T09:10:19.000Z, 1117
2018-12-29T10:21:55.000Z, 434
2019-03-04T03:04:06.000Z, 339
2019-06-02T08:40:30.000Z, 1873
2019-11-26T19:25:00.000Z, 335
2019-10-21T04:56:25.000Z, 6378
2019-09-02T19:31:20.000Z, 754
2018-07-05T18:24:08.000Z, 4991
2019-03-27T02:11:25.000Z, 978
2018-07-27T18:27:03.000Z, 1448
2019-08-27T12:38:11.000Z, 504
2020-01-06T23:58:51.000Z, 1714
2019-08-16T05:16:44.000Z, 816
2020-01-07T03:05:26.000Z, 5279
2019-03-10T23:14:13.000Z, 1124
2020-01-05T18:00:19.000Z, 2000
2019-03-10T06:53:08.000Z, 716
2019-03-02T15:55:46.000Z, 2718
2018-09-15T03:28:29.000Z, 562
2018-07-01T06:39:12.000Z, 2053
2019-11-29T20:21:37.000Z, 3006
2019-02-04T17:48:56.000Z, 2203
2019-03-15T05:00:02.000Z, 566
2019-06-02T06:53:28.000Z, 1976
2019-02-16T14:27:28.000Z, 703
2018-09-10T15:23:20.000Z, 1713
2019-03-03T20:10:12.000Z, 1780
2018-11-30T06:00:55.000Z, 464
2021-06-22T23:26:40.000Z, 270
2018-11-28T03:21:47.000Z, 1353
2019-05-26T22:02:13.000Z, 1279
2018-11-08T22:43:10.000Z, 1787
2019-12-28T22:54:43.000Z, 1282
2018-09-20T11:53:03.000Z, 424
2019-03-15T01:00:46.000Z, 1258
2018-11-17T23:17:32.000Z, 3889
2019-03-15T04:53:05.000Z, 1033
2019-05-16T02:39:09.000Z, 1782
2020-02-02T11:36:00.000Z, 1082
2018-08-31T03:21:53.000Z, 1279
2019-01-02T20:54:58.000Z, 685
2019-08-31T04:11:28.000Z, 4143
2019-08-20T17:05:31.000Z, 1407
2019-09-19T15:57:53.000Z, 2602
2022-08-15T05:02:13.000Z, 1283
2019-10-18T03:13:14.000Z, 263
2019-06-21T07:28:54.000Z, 1301
2018-08-31T04:25:23.000Z, 597
2021-10-09T02:11:15.000Z, 3786
2019-10-13T23:19:32.000Z, 1118
2019-03-04T02:33:00.000Z, 1943
2019-10-21T20:21:08.000Z, 738
2019-02-23T16:56:54.000Z, 7333
2020-07-13T19:58:32.000Z, 2681
2019-03-11T03:23:43.000Z, 1183
2019-08-01T14:15:30.000Z, 2703
2019-08-02T17:33:33.000Z, 1478
2021-11-10T19:28:56.000Z, 1483
2019-09-04T13:47:27.000Z, 1230
2019-03-10T19:11:49.000Z, 589
2019-12-20T18:08:52.000Z, 3424
2019-03-05T21:52:04.000Z, 984
2019-06-04T03:25:17.000Z, 2602
2018-11-18T04:01:35.000Z, 5159
2018-09-09T19:29:27.000Z, 788
2018-08-25T01:08:59.000Z, 1952
2018-09-27T19:19:08.000Z, 2581
2019-04-05T21:35:41.000Z, 1395
2019-08-25T00:38:20.000Z, 455
2020-01-11T20:29:38.000Z, 1742
2019-07-19T20:22:22.000Z, 1109
2019-01-05T21:53:23.000Z, 1593
2020-02-25T18:19:35.000Z, 523
2019-10-10T14:28:39.000Z, 835
2019-04-22T21:59:44.000Z, 799
2019-05-14T16:59:10.000Z, 477
2018-07-02T01:06:32.000Z, 7232
2019-10-12T14:53:27.000Z, 2523
2019-12-10T07:31:20.000Z, 1005
2019-01-27T00:54:41.000Z, 2887
2019-03-10T17:34:14.000Z, 1365
2019-07-05T15:39:43.000Z, 3855
2019-05-30T01:05:01.000Z, 2390
2019-09-12T18:02:01.000Z, 896
2019-09-14T20:11:24.000Z, 874
2018-09-06T13:42:11.000Z, 1660
2019-03-30T11:53:54.000Z, 2525
2019-08-05T20:12:53.000Z, 9458
2019-08-10T23:00:27.000Z, 1917
2019-09-10T22:55:05.000Z, 2060
2019-09-08T12:23:15.000Z, 474
2019-01-21T22:39:34.000Z, 886
2018-12-23T20:49:07.000Z, 1358
2019-03-15T00:30:16.000Z, 644
2019-09-01T15:49:12.000Z, 3234
2019-04-09T22:42:07.000Z, 1043
2018-12-10T20:10:58.000Z, 798
2019-12-21T23:10:03.000Z, 577
2019-07-24T20:03:14.000Z, 1051
2021-11-20T04:47:51.000Z, 6327
2019-04-01T07:38:54.000Z, 1331
2019-01-31T19:16:35.000Z, 2077
2019-04-29T17:37:59.000Z, 2821
2019-01-15T15:08:49.000Z, 434
2018-11-10T16:59:12.000Z, 2079
2018-12-13T20:32:07.000Z, 4434
2018-10-03T00:49:51.000Z, 1401
2018-12-11T12:20:42.000Z, 1469
2018-10-22T23:42:02.000Z, 1443
2018-09-04T22:19:32.000Z, 1494
2018-08-27T02:45:35.000Z, 2716
2018-09-05T13:24:55.000Z, 589
2019-11-21T19:07:50.000Z, 2396
2018-08-26T19:09:40.000Z, 1659
2018-07-20T01:31:38.000Z, 5214
2018-07-07T05:37:07.000Z, 909
2020-01-14T18:58:25.000Z, 7222
2020-01-14T06:03:41.000Z, 3325
2020-01-14T05:59:19.000Z, 11515
2020-01-15T16:57:11.000Z, 3002
2020-01-16T01:31:30.000Z, 12587
2020-01-14T19:30:20.000Z, 6532
2020-01-15T00:33:05.000Z, 5014
2020-01-15T14:10:32.000Z, 9609
2020-01-21T02:32:51.000Z, 4871
2020-01-21T04:30:53.000Z, 2412
2020-01-21T04:23:30.000Z, 4565
2020-01-21T05:25:02.000Z, 162
2020-01-14T05:02:13.000Z, 2553
2020-01-20T13:41:48.000Z, 3181
2020-01-21T04:59:29.000Z, 978
2020-01-19T19:34:13.000Z, 8947
2020-01-20T22:54:25.000Z, 6258
2020-01-21T03:12:37.000Z, 4257
2020-01-14T05:00:24.000Z, 3516
2020-02-15T05:14:52.000Z, 975
2020-02-12T02:09:09.000Z, 1755
2020-02-27T20:19:18.000Z, 1919
2020-02-27T20:24:23.000Z, 406
2020-03-10T07:50:56.000Z, 703
2020-03-08T14:27:30.000Z, 4283
2020-10-14T19:54:18.000Z, 3459
2020-02-15T16:16:14.000Z, 4167
2020-04-07T17:10:14.000Z, 5257
2020-03-09T22:56:08.000Z, 1546
2020-07-27T19:42:42.000Z, 1263
2020-01-21T00:48:17.000Z, 3393
2020-03-12T18:55:10.000Z, 2014
2020-02-14T19:07:45.000Z, 1711
2020-03-09T21:55:23.000Z, 825
2020-03-14T15:12:39.000Z, 757
2020-03-14T16:28:01.000Z, 2471
2020-06-07T03:27:39.000Z, 1793
2020-01-21T03:56:55.000Z, 3405
2020-07-29T18:52:17.000Z, 2532
2020-03-15T02:38:55.000Z, 2932
2020-02-08T08:00:36.000Z, 1526
2020-05-18T18:40:52.000Z, 6407
2020-02-29T00:19:58.000Z, 1817
2020-03-10T22:32:05.000Z, 593
2020-03-31T14:27:07.000Z, 2292
2020-04-28T05:24:07.000Z, 5981
2020-04-03T14:23:15.000Z, 3002
2020-03-13T20:54:57.000Z, 611
2020-05-04T18:23:44.000Z, 2547
2020-01-21T04:55:09.000Z, 8885
2020-01-21T04:39:42.000Z, 1519
2020-01-20T18:45:45.000Z, 12382
2020-03-19T13:25:43.000Z, 1960
2020-06-07T10:55:51.000Z, 2300
2020-01-21T00:36:23.000Z, 5102
2020-06-12T20:18:21.000Z, 3681
2020-12-15T19:36:11.000Z, 2257
2020-03-14T17:57:29.000Z, 1044
2020-03-13T21:35:55.000Z, 1148
2020-01-14T05:18:49.000Z, 792
2020-03-19T20:05:52.000Z, 6205
2020-06-12T23:52:07.000Z, 725
2020-06-20T23:33:16.000Z, 2204
2020-03-10T00:33:55.000Z, 1672
2020-03-11T07:50:54.000Z, 2046
2020-05-23T20:12:27.000Z, 1527
2020-06-19T06:06:09.000Z, 2067
2020-06-22T03:07:34.000Z, 1007
2020-01-14T05:01:40.000Z, 4239
2020-10-07T20:04:50.000Z, 3121
2020-07-23T00:48:42.000Z, 1718
2020-03-11T02:38:23.000Z, 929
2020-08-04T20:54:07.000Z, 1300
2020-02-15T19:33:48.000Z, 1874
2020-05-09T22:51:10.000Z, 3511
2020-06-22T03:09:33.000Z, 882
2020-09-24T19:33:59.000Z, 2474
2020-08-04T20:59:59.000Z, 2662
2020-03-09T23:54:17.000Z, 805
2020-06-17T21:18:26.000Z, 862
2020-06-21T21:36:10.000Z, 4633
2020-12-06T12:25:04.000Z, 4481
2020-03-13T04:02:31.000Z, 783
2020-05-20T18:00:20.000Z, 1076
2020-03-13T04:01:25.000Z, 848
2020-01-17T04:40:17.000Z, 4539
2020-05-26T01:25:27.000Z, 618
2020-06-21T22:22:23.000Z, 953
2020-02-15T22:12:00.000Z, 886
2020-06-19T18:50:58.000Z, 3192
2020-10-18T06:39:11.000Z, 5041
2020-06-08T13:05:19.000Z, 2493
2020-06-26T01:23:01.000Z, 1567
2020-05-29T19:27:54.000Z, 1923
2020-06-20T18:04:53.000Z, 1367
2020-04-10T02:57:38.000Z, 320
2020-03-05T14:06:54.000Z, 1818
2020-01-21T02:20:30.000Z, 3871
2020-01-14T20:39:33.000Z, 3960
2020-02-29T01:27:54.000Z, 1415
2020-06-05T01:29:36.000Z, 1637
2020-03-10T22:54:25.000Z, 2996
2020-07-21T23:47:52.000Z, 1316
2020-02-13T23:11:48.000Z, 1746
2020-09-09T14:09:02.000Z, 1824
2020-03-20T01:08:32.000Z, 681
2020-02-20T17:39:45.000Z, 2932
2020-06-26T23:20:00.000Z, 2360
2020-02-26T23:46:47.000Z, 601
2020-01-14T20:32:47.000Z, 4354
2020-03-17T15:23:42.000Z, 1320
2020-02-09T21:13:34.000Z, 1475
2020-03-30T07:08:15.000Z, 2095
2020-02-10T00:17:17.000Z, 895
2020-07-02T23:08:46.000Z, 773
2020-02-27T14:52:20.000Z, 4748
2020-11-09T23:28:34.000Z, 965
2020-10-25T01:03:38.000Z, 2865
2020-10-15T15:46:24.000Z, 3152
2021-02-04T17:45:20.000Z, 2824
2020-08-19T18:35:56.000Z, 3093
2020-05-04T20:53:57.000Z, 1403
2020-10-26T22:41:22.000Z, 1146
2025-07-06T04:33:44.000Z, 707
2020-03-13T01:55:45.000Z, 1375
2021-02-28T15:06:03.000Z, 3033
2020-01-19T19:00:22.000Z, 15069
2021-02-18T15:14:30.000Z, 1048
2020-03-12T23:37:26.000Z, 1514
2020-02-25T19:29:36.000Z, 1749
2020-11-05T21:14:10.000Z, 2461
2021-01-27T07:07:54.000Z, 1627
2021-03-01T16:52:56.000Z, 656
2020-03-11T01:42:51.000Z, 1677
2021-02-20T18:40:14.000Z, 2409
2020-09-02T20:13:35.000Z, 2460
2021-11-27T22:51:03.000Z, 878
2020-02-26T23:54:01.000Z, 1239
2020-04-26T00:14:20.000Z, 1672
2020-03-12T01:50:38.000Z, 1754
2020-09-01T02:28:06.000Z, 727
2021-02-13T21:57:47.000Z, 2247
2020-06-18T21:01:50.000Z, 1939
2020-11-06T01:02:38.000Z, 437
2020-09-07T09:54:37.000Z, 2301
2021-01-16T20:11:05.000Z, 997
2020-03-14T00:11:12.000Z, 565
2020-02-20T18:34:02.000Z, 3171
2020-03-29T08:00:07.000Z, 6677
2021-11-04T02:44:02.000Z, 3665
2020-03-10T19:58:27.000Z, 1031
2020-06-21T19:32:11.000Z, 1307
2020-03-14T03:23:28.000Z, 801
2021-02-26T05:27:42.000Z, 1068
2021-02-21T04:33:56.000Z, 2028
2020-11-19T20:00:40.000Z, 3091
2021-02-21T21:57:40.000Z, 2844
2020-05-02T23:50:00.000Z, 1403
2025-11-28T15:54:45.000Z, 2596
2021-03-19T23:29:52.000Z, 1941
2025-09-11T22:28:15.000Z, 961
2024-09-16T11:00:59.000Z, 1929
2020-09-04T00:15:17.000Z, 1590
2020-03-01T20:00:51.000Z, 713
2021-03-05T02:47:25.000Z, 1480
2020-03-09T20:47:14.000Z, 1106
2020-11-06T14:38:55.000Z, 2564
2021-02-14T05:00:46.000Z, 816
2021-01-11T19:30:40.000Z, 2839
2020-03-10T17:26:54.000Z, 625
2021-02-23T20:39:53.000Z, 1062
2020-08-28T19:52:49.000Z, 4685
2021-03-23T23:12:44.000Z, 1591
2020-06-22T01:05:51.000Z, 1110
2020-11-07T08:38:42.000Z, 5753
2021-04-26T16:29:30.000Z, 1553
2020-03-23T00:51:05.000Z, 3503
2021-03-23T00:35:45.000Z, 1893
2021-03-23T01:26:18.000Z, 1835
2020-08-16T22:45:26.000Z, 1035
2021-03-24T03:42:55.000Z, 925
2020-07-29T22:25:29.000Z, 872
2020-07-29T17:10:57.000Z, 4084
2021-03-28T18:35:45.000Z, 1148
2021-01-28T20:51:51.000Z, 1234
2021-03-22T18:47:15.000Z, 840
2020-05-28T21:24:29.000Z, 327
2020-07-26T06:00:31.000Z, 1249
2021-03-22T19:25:04.000Z, 1749
2021-03-22T21:49:37.000Z, 593
2021-12-09T22:12:07.000Z, 1074
2021-03-24T23:04:31.000Z, 503
2021-01-09T18:18:01.000Z, 938
2020-06-11T07:08:53.000Z, 1360
2020-03-08T02:35:34.000Z, 1624
2020-02-08T17:40:19.000Z, 1051
2020-03-06T05:06:48.000Z, 1781
2020-06-10T17:52:44.000Z, 1458
2020-06-21T03:40:21.000Z, 1745
2020-01-19T08:17:11.000Z, 2981
2020-07-23T17:21:45.000Z, 659
2020-08-02T16:05:16.000Z, 2089
2020-03-20T17:39:28.000Z, 1500
2020-03-05T20:34:11.000Z, 4033
2020-08-11T20:00:23.000Z, 2002
2020-03-08T21:32:51.000Z, 1715
2020-03-13T03:35:01.000Z, 1296
2021-02-27T22:44:50.000Z, 1403
2021-04-07T00:32:46.000Z, 4051
2020-07-20T23:27:19.000Z, 984
2021-02-18T19:28:51.000Z, 857
2021-11-20T09:11:16.000Z, 1722
2021-04-21T01:38:08.000Z, 2595
2021-03-17T13:40:03.000Z, 732
2021-03-24T01:46:45.000Z, 415
2020-02-12T09:16:23.000Z, 3922
2020-10-27T07:31:36.000Z, 8947
2020-03-10T00:26:57.000Z, 1297
2020-10-16T07:44:36.000Z, 8340
2021-02-07T03:37:21.000Z, 345
2020-01-17T03:11:26.000Z, 4883
2021-05-24T21:04:05.000Z, 1498
2020-04-23T20:08:49.000Z, 4794
2021-02-07T19:33:36.000Z, 1417
2021-03-22T17:45:37.000Z, 982
2020-08-28T01:37:54.000Z, 887
2020-02-08T20:55:22.000Z, 1510
2021-02-15T00:36:44.000Z, 6302
2020-12-01T05:28:26.000Z, 1454
2021-03-22T15:37:23.000Z, 2109
2020-06-16T23:50:59.000Z, 565
2020-05-06T23:36:31.000Z, 5588
2021-04-22T20:20:54.000Z, 516
2020-03-30T19:50:08.000Z, 2067
2020-10-28T14:23:09.000Z, 7163
2020-09-17T14:02:39.000Z, 3058
2020-06-15T14:33:17.000Z, 2601
2020-07-24T22:56:13.000Z, 3250
2021-03-05T17:48:05.000Z, 2084
2023-08-18T03:24:26.000Z, 2717
2020-05-01T08:51:53.000Z, 2395
2021-05-01T19:11:56.000Z, 983
2021-04-23T10:10:59.000Z, 1436
2021-04-09T08:33:27.000Z, 635
2020-06-02T22:00:09.000Z, 3388
2020-08-21T03:33:31.000Z, 5481
2020-02-13T20:07:06.000Z, 3774
2021-03-20T15:52:56.000Z, 2847
2020-06-06T21:34:12.000Z, 4330
2020-06-13T15:57:56.000Z, 933
2023-05-19T07:20:56.000Z, 1941
2022-08-05T20:17:46.000Z, 284
2021-03-22T21:01:42.000Z, 939
2020-04-19T19:22:32.000Z, 3356
2021-03-23T00:42:44.000Z, 1055
2021-03-22T21:44:46.000Z, 818
2021-03-24T03:19:19.000Z, 1150
2020-03-10T16:34:13.000Z, 1191
2020-09-18T06:12:12.000Z, 723
2020-12-23T18:52:06.000Z, 2924
2021-01-16T05:30:48.000Z, 4375
2020-10-25T22:06:08.000Z, 2154
2020-06-22T00:51:26.000Z, 288
2020-06-21T17:46:53.000Z, 2236
2020-08-07T02:42:37.000Z, 978
2021-03-23T02:03:14.000Z, 643
2021-08-26T08:26:29.000Z, 1751
2021-02-14T12:41:29.000Z, 2045
2020-06-16T00:57:55.000Z, 3421
2021-03-24T21:54:35.000Z, 2190
2021-03-24T08:14:44.000Z, 1105
2020-06-19T22:38:19.000Z, 1456
2021-11-08T07:31:42.000Z, 2062
2020-06-10T00:18:03.000Z, 1598
2021-03-25T03:04:47.000Z, 4060
2020-02-19T19:18:03.000Z, 832
2022-09-29T16:44:09.000Z, 548
2021-12-11T03:03:23.000Z, 2154
2021-02-08T16:51:53.000Z, 630
2020-06-14T12:08:36.000Z, 1437
2021-11-28T21:49:59.000Z, 310
2020-02-18T15:41:46.000Z, 1197
2021-06-04T00:49:13.000Z, 634
2020-04-03T15:11:07.000Z, 1600
2020-02-21T05:14:52.000Z, 2842
2021-04-03T16:32:21.000Z, 6934
2021-04-04T22:20:58.000Z, 776
2021-09-14T09:37:59.000Z, 1615
2021-03-23T09:12:58.000Z, 2393
2020-03-30T18:34:13.000Z, 3150
2021-03-24T18:55:53.000Z, 587
2020-12-21T00:10:51.000Z, 724
2020-03-09T23:00:21.000Z, 1993
2020-01-16T00:14:28.000Z, 4051
2020-03-11T01:13:16.000Z, 905
2020-03-13T02:47:16.000Z, 964
2020-03-15T03:45:44.000Z, 702
2020-06-18T01:34:21.000Z, 1525
2020-05-19T22:55:10.000Z, 1561
2021-02-19T02:06:24.000Z, 1250
2020-03-28T17:40:09.000Z, 1821
2020-02-08T21:32:53.000Z, 563
2020-05-30T21:18:38.000Z, 4013
2020-03-05T22:41:51.000Z, 1902
2021-03-08T02:01:03.000Z, 967
2021-07-22T14:07:49.000Z, 1900
2021-03-03T21:46:41.000Z, 993
2021-04-03T20:47:03.000Z, 5694
2025-07-06T04:30:32.000Z, 459
2021-04-11T20:21:52.000Z, 2563
2020-01-18T21:57:59.000Z, 3720
2021-04-13T03:37:50.000Z, 4751
2020-05-04T22:04:59.000Z, 668
2020-03-03T17:21:53.000Z, 1476
2020-01-21T01:09:35.000Z, 1100
2021-03-02T00:12:47.000Z, 4056
2020-04-22T20:13:22.000Z, 4373
2021-06-06T00:03:19.000Z, 454
2020-03-24T15:52:14.000Z, 972
2020-07-04T23:53:44.000Z, 609
2021-07-10T21:32:58.000Z, 4000
2021-09-03T11:26:05.000Z, 3249
2021-03-29T00:03:38.000Z, 1151
2020-03-10T03:25:12.000Z, 1869
2020-05-21T21:50:02.000Z, 893
2021-03-23T02:09:36.000Z, 519
2020-02-09T04:13:56.000Z, 1295
2021-03-03T14:37:10.000Z, 597
2020-01-16T23:07:08.000Z, 7282
2021-03-27T22:40:42.000Z, 1220
2021-03-23T06:39:45.000Z, 631
2020-08-01T23:40:16.000Z, 1269
2020-06-07T04:35:14.000Z, 891
2021-02-24T01:15:08.000Z, 2500
2021-06-01T19:18:27.000Z, 1469
2022-03-05T19:46:49.000Z, 2261
2020-03-08T02:52:22.000Z, 2786
2020-07-25T17:19:20.000Z, 781
2021-11-28T16:35:01.000Z, 4462
2020-09-06T00:25:49.000Z, 1875
2021-03-23T02:00:32.000Z, 588
2020-11-10T20:05:04.000Z, 742
2021-03-24T22:55:53.000Z, 719
2020-03-13T23:51:40.000Z, 1906
2021-02-25T01:01:36.000Z, 3330
2020-04-07T17:34:18.000Z, 1143
2020-10-06T16:38:19.000Z, 3759
2020-07-11T13:20:50.000Z, 1294
2020-06-29T21:17:32.000Z, 875
2021-10-16T01:46:01.000Z, 226
2021-09-30T22:53:51.000Z, 1345
2021-05-09T22:16:15.000Z, 2457
2021-04-06T04:37:47.000Z, 735
2020-03-15T03:59:13.000Z, 1403
2021-06-07T23:42:26.000Z, 1389
2021-06-13T17:29:05.000Z, 885
2021-03-24T03:52:15.000Z, 1240
2025-10-21T14:45:14.000Z, 104
2020-12-29T18:10:44.000Z, 3057
2020-11-10T23:47:37.000Z, 1820
2020-07-31T02:16:53.000Z, 3338
2021-02-18T06:02:12.000Z, 3436
2021-02-16T00:15:00.000Z, 2596
2020-01-15T22:52:39.000Z, 1480
2021-03-11T02:29:02.000Z, 596
2023-03-02T01:06:01.000Z, 1020
2021-05-31T15:23:50.000Z, 8044
2021-03-18T02:26:22.000Z, 1884
2020-10-15T03:53:26.000Z, 3368
2020-05-15T21:21:59.000Z, 2133
2021-03-24T08:35:57.000Z, 1213
2021-06-22T05:46:24.000Z, 492
2021-03-28T21:12:33.000Z, 3407
2020-07-25T23:07:45.000Z, 1011
2022-11-01T07:25:36.000Z, 1276
2020-09-01T20:30:58.000Z, 7312
2021-03-23T10:18:28.000Z, 1691
2023-08-09T14:08:27.000Z, 5841
2021-02-14T06:09:29.000Z, 2120
2021-03-24T00:07:33.000Z, 836
2020-06-22T03:51:25.000Z, 1446
2021-04-25T15:35:53.000Z, 5375
2021-01-29T02:11:45.000Z, 596
2020-09-17T12:17:55.000Z, 3054
2022-02-14T23:25:11.000Z, 15735
2021-03-22T16:49:05.000Z, 1049
2021-06-07T23:26:20.000Z, 894
2020-06-26T19:07:43.000Z, 1615
2021-06-09T03:22:55.000Z, 724
2021-06-08T11:31:32.000Z, 2837
2021-03-18T22:27:23.000Z, 1660
2020-02-24T14:18:55.000Z, 1607
2020-01-15T03:42:53.000Z, 8951
2020-03-05T20:59:31.000Z, 942
2021-03-12T05:09:20.000Z, 2666
2020-03-09T21:17:42.000Z, 447
2020-04-06T05:04:33.000Z, 2237
2020-06-25T21:58:13.000Z, 945
2020-06-11T20:42:26.000Z, 2355
2020-03-09T19:53:35.000Z, 716
2020-07-09T16:03:06.000Z, 368
2020-07-13T17:52:29.000Z, 944
2020-07-18T21:26:34.000Z, 2481
2020-07-21T17:25:59.000Z, 972
2020-05-24T22:58:29.000Z, 1012
2020-11-06T14:56:04.000Z, 1254
2021-03-05T18:53:16.000Z, 8126
2021-04-05T21:22:08.000Z, 1723
2022-08-19T20:23:32.000Z, 749
2021-03-21T22:44:21.000Z, 1138
2021-06-10T11:23:03.000Z, 2267
2020-02-08T08:10:32.000Z, 4245
2021-06-11T11:09:28.000Z, 3648
2021-04-09T02:37:18.000Z, 2345
2020-01-21T04:44:04.000Z, 3602
2021-04-06T07:45:56.000Z, 3112
2020-03-10T00:58:40.000Z, 1374
2021-06-15T05:20:10.000Z, 328
2021-06-01T20:49:13.000Z, 746
2021-10-25T03:24:20.000Z, 3242
2021-08-29T10:04:42.000Z, 333
2020-06-09T22:48:52.000Z, 430
2020-03-10T22:17:31.000Z, 726
2020-02-12T17:19:51.000Z, 1031
2021-02-21T00:04:16.000Z, 1768
2021-06-22T14:40:43.000Z, 1805
2021-01-10T19:06:29.000Z, 4936
2021-05-22T18:40:00.000Z, 1249
2020-09-20T17:08:30.000Z, 4086
2023-12-19T02:40:30.000Z, 1502
2021-09-21T20:36:02.000Z, 312
2020-05-30T19:29:53.000Z, 943
2021-03-11T16:13:51.000Z, 3419
2021-01-27T07:25:11.000Z, 2746
2021-06-02T00:06:56.000Z, 929
2020-03-03T04:45:45.000Z, 2962
2020-02-10T19:50:52.000Z, 434
2021-03-23T02:53:57.000Z, 808
2020-06-28T22:49:53.000Z, 1495
2020-09-12T20:15:14.000Z, 8786
2021-06-23T21:43:31.000Z, 852
2020-03-11T20:13:45.000Z, 550
2020-07-28T11:16:00.000Z, 5946
2021-02-19T00:33:21.000Z, 6213
2021-03-23T00:01:48.000Z, 1801
2020-01-16T13:28:38.000Z, 608
2020-12-13T01:15:48.000Z, 683
2020-08-17T21:06:20.000Z, 1025
2022-03-03T19:39:50.000Z, 5469
2022-01-23T23:25:26.000Z, 352
2021-06-23T21:16:47.000Z, 2085
2020-05-28T14:31:05.000Z, 1738
2021-09-24T16:29:42.000Z, 685
2020-08-01T21:18:57.000Z, 2767
2022-02-05T20:22:59.000Z, 1049
2020-10-27T08:11:24.000Z, 791
2020-06-03T23:37:56.000Z, 956
2020-07-09T01:30:36.000Z, 4344
2021-10-10T16:23:04.000Z, 2363
2022-03-25T21:04:48.000Z, 2030
2021-06-25T00:19:13.000Z, 5793
2020-08-28T15:04:05.000Z, 4079
2020-07-22T02:18:51.000Z, 703
2023-05-07T05:54:41.000Z, 6765
2022-02-09T19:26:23.000Z, 1577
2020-06-06T01:27:55.000Z, 745
2021-02-21T01:26:52.000Z, 1950
2021-03-31T21:23:11.000Z, 666
2020-03-15T02:43:56.000Z, 1572
2022-01-07T06:40:02.000Z, 2387
2021-03-29T21:52:24.000Z, 2685
2020-12-11T03:51:10.000Z, 986
2020-10-09T13:07:11.000Z, 1459
2021-06-06T02:03:57.000Z, 2433
2021-07-01T12:01:38.000Z, 1948
2021-03-23T03:33:13.000Z, 2422
2021-04-01T04:58:41.000Z, 824
2021-03-25T03:23:35.000Z, 1923
2021-04-22T22:52:42.000Z, 3397
2022-03-17T16:52:07.000Z, 1822
2020-07-12T04:27:22.000Z, 2828
2020-07-20T22:26:03.000Z, 1006
2021-10-14T02:44:02.000Z, 1702
2021-07-03T04:01:22.000Z, 6331
2020-09-06T20:46:24.000Z, 1770
2020-11-12T18:06:19.000Z, 3318
2022-02-07T21:25:39.000Z, 4198
2021-12-24T15:36:40.000Z, 1676
2021-02-16T21:21:38.000Z, 1876
2020-03-11T07:24:02.000Z, 361
2020-01-14T05:07:12.000Z, 2689
2020-03-16T14:05:42.000Z, 4485
2020-12-30T04:26:00.000Z, 1102
2020-05-24T17:51:43.000Z, 1980
2020-07-07T04:58:43.000Z, 3120
2020-01-15T12:33:21.000Z, 797
2020-11-13T18:31:48.000Z, 2095
2021-12-19T15:23:19.000Z, 1352
2020-03-11T17:15:43.000Z, 843
2020-12-29T18:56:15.000Z, 2618
2020-11-17T22:22:23.000Z, 204
2020-03-10T16:30:44.000Z, 445
2020-07-23T01:55:43.000Z, 4904
2021-02-14T17:05:19.000Z, 2103
2020-10-15T03:33:55.000Z, 5098
2020-03-14T00:10:24.000Z, 657
2020-09-07T23:37:39.000Z, 2555
2020-07-02T19:11:10.000Z, 1959
2021-06-30T19:04:41.000Z, 1314
2021-04-15T04:58:40.000Z, 864
2020-09-13T03:16:24.000Z, 4782
2020-03-12T22:40:07.000Z, 1438
2020-03-13T03:26:22.000Z, 589
2021-04-10T00:19:04.000Z, 1262
2020-04-06T02:04:42.000Z, 2037
2022-09-22T19:22:52.000Z, 3440
2021-03-22T09:44:01.000Z, 1222
2021-06-01T22:53:16.000Z, 5685
2021-11-20T16:53:05.000Z, 964
2020-06-01T23:28:54.000Z, 2310
2021-03-22T18:16:04.000Z, 808
2021-03-24T02:54:41.000Z, 525
2020-03-09T02:17:09.000Z, 1475
2021-06-03T00:46:00.000Z, 875
2020-03-03T20:31:01.000Z, 698
2020-01-20T03:16:51.000Z, 5242
2021-03-22T19:58:52.000Z, 425
2021-06-01T18:52:52.000Z, 256
2020-07-16T07:02:45.000Z, 748
2021-10-14T09:14:28.000Z, 4525
2021-04-05T20:50:47.000Z, 1439
2020-07-08T05:46:37.000Z, 1377
2020-03-08T18:32:40.000Z, 5846
2020-06-19T19:10:31.000Z, 6008
2021-03-23T15:52:59.000Z, 578
2021-03-22T23:20:41.000Z, 394
2021-03-24T17:49:23.000Z, 713
2020-07-09T16:25:22.000Z, 5971
2020-02-25T03:45:41.000Z, 4134
2020-03-12T05:16:11.000Z, 1502
2020-04-10T20:35:26.000Z, 7295
2020-04-08T06:22:24.000Z, 1597
2020-02-21T23:55:29.000Z, 1922
2020-01-18T18:31:45.000Z, 10551
2020-03-11T01:50:01.000Z, 1169
2020-03-10T23:07:53.000Z, 950
2020-05-11T13:01:42.000Z, 2295
2020-03-13T02:20:40.000Z, 4125
2020-03-06T13:32:42.000Z, 2560
2021-07-08T20:30:22.000Z, 2211
2021-12-25T21:59:38.000Z, 564
2021-12-31T15:47:02.000Z, 4534
2021-02-28T11:43:50.000Z, 851
2020-10-16T16:27:34.000Z, 686
2021-04-18T19:56:17.000Z, 3603
2022-03-14T02:45:22.000Z, 1655
2020-05-19T20:58:14.000Z, 1978
2021-07-22T06:29:58.000Z, 4359
2021-03-29T12:52:39.000Z, 10606
2020-05-20T01:22:19.000Z, 4029
2021-02-23T23:28:09.000Z, 3997
2020-03-09T20:59:39.000Z, 955
2022-02-07T18:19:13.000Z, 1652
2020-03-09T20:24:42.000Z, 1272
2022-02-25T08:14:03.000Z, 2459
2020-04-15T00:43:23.000Z, 674
2020-12-30T11:36:15.000Z, 5941
2020-07-07T01:12:45.000Z, 545
2021-03-23T00:11:15.000Z, 780
2020-11-10T19:57:37.000Z, 3966
2021-08-21T18:14:34.000Z, 3959
2022-11-01T15:22:05.000Z, 7027
2022-01-24T02:34:09.000Z, 1495
2021-03-22T20:45:49.000Z, 824
2020-03-10T02:58:31.000Z, 834
2022-02-03T05:04:37.000Z, 562
2020-06-13T17:21:43.000Z, 2295
2020-07-10T17:18:39.000Z, 2651
2020-06-29T16:32:41.000Z, 520
2020-11-13T17:19:02.000Z, 2820
2020-08-14T18:36:25.000Z, 3374
2021-02-15T19:00:56.000Z, 1236
2021-04-19T17:29:22.000Z, 2205
2020-11-06T03:58:31.000Z, 2896
2020-02-17T17:50:24.000Z, 604
2020-01-14T05:01:10.000Z, 4486
2020-05-11T20:06:54.000Z, 1570
2021-03-13T19:58:08.000Z, 3678
2021-03-31T20:35:35.000Z, 1538
2020-10-19T16:51:58.000Z, 3329
2020-05-25T18:30:36.000Z, 542
2021-01-05T15:32:27.000Z, 1785
2020-03-13T02:29:20.000Z, 1515
2021-03-22T21:36:53.000Z, 527
2020-04-27T00:16:35.000Z, 386
2021-04-04T06:25:46.000Z, 539
2020-07-30T22:26:31.000Z, 2401
2020-04-28T20:00:07.000Z, 2642
2022-03-17T20:30:23.000Z, 2836
2021-02-21T02:15:48.000Z, 2172
2021-04-20T08:29:01.000Z, 14176
2021-07-04T00:50:30.000Z, 1353
2020-12-01T10:48:00.000Z, 771
2021-02-18T18:05:38.000Z, 344
2020-03-13T01:35:11.000Z, 1443
2020-02-25T16:09:57.000Z, 2202
2020-07-25T15:35:53.000Z, 1351
2021-01-04T19:47:50.000Z, 2579
2021-03-19T00:08:11.000Z, 1402
2021-02-18T21:45:47.000Z, 3097
2021-10-12T16:58:03.000Z, 2475
2021-03-30T09:38:38.000Z, 1026
2020-06-04T18:21:18.000Z, 1000
2021-06-12T21:04:04.000Z, 3883
2020-05-29T13:40:09.000Z, 541
2021-03-23T00:04:34.000Z, 1395
2024-09-16T02:04:38.000Z, 4549
2020-07-23T16:16:55.000Z, 2851
2021-11-22T07:32:58.000Z, 2262
2021-06-14T16:34:12.000Z, 988
2021-03-24T03:52:02.000Z, 4577
2021-06-07T02:13:36.000Z, 3497
2022-03-23T20:08:21.000Z, 4534
2020-07-26T21:16:26.000Z, 2471
2021-03-22T23:39:50.000Z, 1076
2021-12-29T23:34:15.000Z, 6449
2021-03-24T02:34:13.000Z, 741
2021-05-27T21:20:29.000Z, 1271
2020-12-28T21:39:02.000Z, 3259
2021-03-13T05:52:55.000Z, 367
2021-10-09T06:05:13.000Z, 72
2021-01-18T23:36:46.000Z, 846
2025-07-06T13:00:09.000Z, 569
2020-05-26T14:00:09.000Z, 867
2021-04-16T17:20:21.000Z, 1379
2021-12-16T07:04:46.000Z, 269
2021-03-04T17:52:23.000Z, 2891
2022-01-29T03:40:08.000Z, 854
2021-01-03T19:12:16.000Z, 990
2020-02-08T08:03:01.000Z, 5906
2021-04-08T18:01:05.000Z, 4755
2021-06-21T10:24:30.000Z, 1441
2021-02-14T09:45:31.000Z, 2378
2020-03-19T16:29:13.000Z, 3339
2020-11-15T06:39:29.000Z, 775
2020-06-10T02:31:04.000Z, 3615
2020-03-15T04:02:32.000Z, 2244
2021-03-23T22:25:12.000Z, 394
2020-03-11T00:04:51.000Z, 379
2020-01-15T02:33:53.000Z, 2993
2021-02-28T15:02:17.000Z, 1281
2021-03-02T13:36:30.000Z, 2123
2021-02-24T03:06:52.000Z, 1453
2020-06-09T02:05:06.000Z, 1799
2022-01-17T10:50:23.000Z, 3495
2021-07-01T12:05:31.000Z, 3520
2021-02-15T21:56:32.000Z, 3860
2022-05-03T19:56:43.000Z, 1331
2020-08-17T21:30:39.000Z, 1438
2021-03-24T02:32:48.000Z, 1119
2020-06-23T18:11:39.000Z, 664
2020-01-17T05:37:15.000Z, 3694
2021-06-25T23:31:37.000Z, 1376
2020-10-26T23:07:50.000Z, 1502
2021-04-05T03:01:58.000Z, 3194
2020-01-16T01:14:17.000Z, 3822
2020-06-01T13:05:19.000Z, 2455
2021-05-31T18:35:35.000Z, 513
2020-11-11T16:34:56.000Z, 3374
2021-01-17T09:30:43.000Z, 817
2021-03-11T19:18:22.000Z, 4339
2020-02-22T00:27:41.000Z, 1717
2020-06-18T20:30:12.000Z, 1079
2020-02-20T15:06:26.000Z, 1845
2021-05-17T09:56:43.000Z, 1493
2021-01-01T21:29:30.000Z, 4382
2021-03-24T01:51:23.000Z, 731
2021-04-17T01:50:08.000Z, 1118
2020-03-12T19:35:25.000Z, 604
2021-02-22T06:47:08.000Z, 2922
2021-04-08T15:50:34.000Z, 1789
2021-04-24T02:39:51.000Z, 1717
2020-04-27T08:02:00.000Z, 641
2020-01-14T05:02:27.000Z, 10140
2020-02-08T19:58:01.000Z, 2905
2020-11-25T01:31:44.000Z, 2805
2020-12-18T00:26:16.000Z, 2309
2021-03-23T19:04:21.000Z, 745
2020-09-07T19:54:08.000Z, 920
2020-06-23T16:57:14.000Z, 832
2020-05-15T18:14:41.000Z, 1512
2020-01-14T17:18:19.000Z, 3797
2021-04-14T12:09:08.000Z, 307
2020-06-12T21:24:23.000Z, 3180
2021-01-12T00:46:28.000Z, 892
2021-06-14T15:57:06.000Z, 519
2021-03-26T03:19:25.000Z, 6926
2020-06-04T20:09:57.000Z, 1798
2020-06-22T01:04:48.000Z, 1136
2021-03-22T22:53:37.000Z, 2032
2022-01-11T07:54:10.000Z, 1240
2012-08-09T02:28:48.000Z, 536
2020-05-20T17:46:56.000Z, 2111
2022-07-16T06:53:03.000Z, 1232
2021-04-25T00:26:49.000Z, 1570
2021-06-03T15:44:01.000Z, 1602
2020-05-30T05:23:13.000Z, 1722
2021-02-03T23:11:06.000Z, 3450
2020-04-10T21:04:15.000Z, 731
2021-04-14T00:06:15.000Z, 4786
2021-06-30T10:16:52.000Z, 1141
2020-06-14T02:14:13.000Z, 1507
2020-07-23T16:12:09.000Z, 1429
2021-04-17T16:31:53.000Z, 2254
2020-11-06T23:40:51.000Z, 2964
2021-03-23T21:42:30.000Z, 634
2021-03-23T16:18:16.000Z, 1053
2021-08-16T13:51:27.000Z, 1916
2020-01-18T18:58:13.000Z, 3039
2020-08-07T20:35:38.000Z, 1664
2020-12-21T17:23:14.000Z, 727
2020-06-16T19:06:30.000Z, 1440
2021-08-04T21:50:44.000Z, 1581
2021-03-25T03:53:26.000Z, 2289
2021-03-23T00:52:43.000Z, 1416
2021-03-22T21:57:24.000Z, 777
2021-03-19T15:11:46.000Z, 2588
2023-04-27T17:50:36.000Z, 865
2021-03-24T03:57:39.000Z, 1371
2021-05-19T01:07:55.000Z, 1500
2020-03-13T03:59:03.000Z, 649
2020-12-11T01:07:35.000Z, 2354
2021-07-04T17:29:30.000Z, 2816
2021-06-14T05:37:45.000Z, 956
2021-10-30T17:11:11.000Z, 974
2020-10-17T07:14:26.000Z, 2464
2021-03-24T03:15:26.000Z, 1709
2020-03-05T18:16:25.000Z, 2153
2020-06-24T00:26:29.000Z, 1770
2022-01-15T17:08:19.000Z, 1352
2021-03-08T08:08:57.000Z, 530
2021-03-15T23:29:00.000Z, 5825
2020-10-26T18:24:26.000Z, 794
2022-03-09T02:15:30.000Z, 1921
2021-04-23T06:47:36.000Z, 2800
2020-08-17T18:41:14.000Z, 2521
2021-06-15T23:08:53.000Z, 1511
2021-03-01T14:33:23.000Z, 2055
2021-12-20T17:47:06.000Z, 894
2021-12-30T22:07:03.000Z, 4801
2021-06-09T06:12:32.000Z, 787
2021-02-25T10:22:27.000Z, 1596
2020-05-02T02:26:50.000Z, 486
2021-04-30T06:35:54.000Z, 1186
2021-02-23T00:30:09.000Z, 2808
2020-01-20T02:56:04.000Z, 2772
2021-04-30T14:30:24.000Z, 1960
2020-01-18T05:50:56.000Z, 1680
2021-06-05T00:46:37.000Z, 7365
2021-02-14T19:51:07.000Z, 2636
2020-06-29T14:53:38.000Z, 1614
2021-03-05T21:37:41.000Z, 617
2022-01-22T18:51:02.000Z, 1441
2022-03-09T22:31:01.000Z, 1606
2022-02-14T08:16:27.000Z, 2942
2020-06-21T08:02:21.000Z, 2437
2021-04-27T23:57:32.000Z, 602
2020-11-18T14:11:35.000Z, 1857
2020-08-18T19:20:46.000Z, 184
2020-04-05T05:08:18.000Z, 1342
2020-01-14T09:33:44.000Z, 807
2020-07-04T02:20:36.000Z, 574
2021-09-12T01:29:46.000Z, 923
2021-06-14T13:46:41.000Z, 472
2021-04-30T00:42:39.000Z, 2605
2021-01-29T21:50:24.000Z, 4679
2023-05-01T20:29:29.000Z, 2449
2020-07-28T23:44:54.000Z, 2184
2021-03-05T16:45:09.000Z, 1703
2020-05-09T12:07:02.000Z, 624
2020-01-17T19:37:14.000Z, 2577
2020-08-03T21:41:38.000Z, 953
2021-03-24T03:59:58.000Z, 10777
2021-01-23T21:39:04.000Z, 596
2021-03-24T23:04:48.000Z, 1442
2020-06-03T15:05:36.000Z, 391
2022-02-12T22:34:56.000Z, 895
2020-03-24T02:59:02.000Z, 2291
2020-03-13T18:12:35.000Z, 1066
2021-03-23T01:35:45.000Z, 462
2021-02-26T21:14:43.000Z, 1663
2020-03-14T22:39:20.000Z, 1083
2022-04-08T01:03:49.000Z, 771
2021-03-01T01:31:03.000Z, 4212
2021-03-30T15:33:56.000Z, 2760
2021-03-24T17:29:06.000Z, 1185
2021-05-13T07:57:03.000Z, 924
2020-02-17T15:03:56.000Z, 3494
2020-07-31T16:49:38.000Z, 1228
2022-01-04T21:16:06.000Z, 1014
2021-03-01T14:29:37.000Z, 1908
2020-03-13T02:58:27.000Z, 490
2021-06-19T22:20:01.000Z, 808
2021-12-17T22:47:36.000Z, 546
2021-11-14T22:46:12.000Z, 2918
2021-03-22T21:52:02.000Z, 3555
2020-06-06T21:34:20.000Z, 1575
2021-05-24T17:02:59.000Z, 3752
2022-09-30T02:39:42.000Z, 1091
2020-01-17T04:55:09.000Z, 5348
2021-03-22T22:37:42.000Z, 2071
2020-03-26T19:21:17.000Z, 465
2021-03-11T20:24:04.000Z, 331
2021-02-16T06:37:35.000Z, 1745
2020-05-08T18:40:27.000Z, 1030
2020-03-11T00:26:39.000Z, 587
2021-03-23T22:28:56.000Z, 1370
2021-03-21T17:13:06.000Z, 713
2021-02-14T18:44:28.000Z, 1229
2020-07-13T16:24:41.000Z, 1803
2020-09-26T01:08:27.000Z, 3740
2020-09-14T20:41:57.000Z, 1507
2021-03-21T10:47:15.000Z, 1900
2021-03-23T22:30:57.000Z, 1854
2020-06-10T22:18:01.000Z, 1872
2021-08-28T04:18:15.000Z, 1419
2021-08-03T18:39:43.000Z, 1415
2021-05-11T21:48:48.000Z, 862
2021-03-24T23:33:34.000Z, 326
2020-03-01T00:48:29.000Z, 3733
2021-02-18T21:33:33.000Z, 995
2020-05-27T13:13:55.000Z, 636
2021-06-22T00:30:47.000Z, 8122
2021-03-25T01:16:59.000Z, 1050
2021-02-04T23:50:33.000Z, 700
2020-02-23T00:38:44.000Z, 840
2021-03-29T19:31:27.000Z, 785
2020-02-12T21:55:40.000Z, 3420
2020-10-06T14:01:31.000Z, 3598
2020-09-20T14:26:46.000Z, 5369
2022-04-14T23:18:21.000Z, 1888
2020-05-19T14:48:07.000Z, 3115
2022-04-30T03:55:57.000Z, 661
2021-06-14T01:38:26.000Z, 4061
2021-05-20T13:19:18.000Z, 757
2020-12-13T03:21:22.000Z, 3003
2021-04-03T00:51:54.000Z, 1110
2021-03-04T03:14:13.000Z, 1684
2021-05-02T00:19:22.000Z, 932
2020-12-30T11:21:57.000Z, 2851
2021-03-24T10:02:20.000Z, 623
2021-06-28T17:06:05.000Z, 1822
2020-03-14T01:35:46.000Z, 916
2021-04-06T01:32:13.000Z, 3175
2020-06-22T03:55:54.000Z, 3019
2021-06-03T17:46:53.000Z, 677
2020-10-12T17:53:31.000Z, 4540
2020-03-25T18:40:58.000Z, 3199
2021-03-11T00:34:14.000Z, 865
2020-03-25T14:29:14.000Z, 3996
2021-01-02T16:02:48.000Z, 2428
2021-04-24T23:18:13.000Z, 2330
2021-07-03T08:12:20.000Z, 1597
2021-03-25T02:53:12.000Z, 346
2020-02-10T19:00:31.000Z, 1117
2020-08-19T07:26:25.000Z, 705
2021-03-31T13:42:05.000Z, 2231
2020-02-15T20:23:32.000Z, 2567
2021-01-30T03:09:22.000Z, 2770
2020-12-30T11:42:24.000Z, 4472
2021-05-28T22:21:14.000Z, 4195
2021-06-05T22:53:57.000Z, 2722
2021-05-01T22:23:49.000Z, 2708
2021-04-20T23:32:15.000Z, 352
2020-03-11T02:01:40.000Z, 1188
2020-09-25T19:57:43.000Z, 819
2021-03-16T06:44:03.000Z, 3157
2020-06-21T20:33:24.000Z, 3405
2020-03-15T01:28:38.000Z, 997
2020-01-21T04:01:07.000Z, 2282
2020-07-13T00:35:36.000Z, 3202
2020-07-03T19:42:17.000Z, 1916
2021-03-04T09:39:35.000Z, 2044
2020-05-31T21:25:32.000Z, 1586
2021-02-14T05:41:33.000Z, 1672
2020-06-09T17:44:41.000Z, 778
2020-03-16T19:14:21.000Z, 649
2020-05-26T19:20:59.000Z, 647
2020-08-04T21:34:12.000Z, 1433
2020-08-27T01:23:26.000Z, 3568
2021-02-11T13:45:00.000Z, 691
2021-06-24T15:42:03.000Z, 4672
2021-04-15T21:02:04.000Z, 1085
2020-05-18T14:37:51.000Z, 380
2020-08-15T05:33:18.000Z, 901
2020-11-15T20:46:55.000Z, 3236
2020-06-28T17:54:29.000Z, 1492
2020-03-14T13:30:10.000Z, 471
2020-12-03T00:59:39.000Z, 1660
2021-05-06T17:33:59.000Z, 136
2021-04-13T05:51:18.000Z, 893
2020-12-05T00:28:23.000Z, 3103
2020-10-26T23:29:55.000Z, 889
2020-12-18T17:06:57.000Z, 1621
2020-03-13T18:05:55.000Z, 2275
2020-10-20T18:34:31.000Z, 2987
2021-04-15T23:47:06.000Z, 5967
2025-01-19T19:24:35.000Z, 5487
2020-01-20T02:26:43.000Z, 626
2020-07-15T21:26:45.000Z, 4964
2021-02-17T22:49:25.000Z, 1756
2021-04-23T04:17:18.000Z, 1474
2020-06-05T15:58:22.000Z, 12050
2020-11-28T11:21:20.000Z, 5791
2020-06-09T02:42:24.000Z, 408
2022-09-28T04:09:46.000Z, 2341
2021-02-26T11:49:28.000Z, 3107
2020-03-27T09:35:12.000Z, 695
2021-03-25T01:18:56.000Z, 1380
2021-03-24T03:50:59.000Z, 600
2021-05-21T18:13:06.000Z, 1608
2020-11-19T17:42:24.000Z, 4348
2020-02-14T16:42:39.000Z, 883
2020-06-07T22:02:55.000Z, 1644
2020-07-05T05:36:31.000Z, 813
2021-03-03T00:55:49.000Z, 721
2020-06-14T15:52:27.000Z, 643
2021-03-04T14:44:12.000Z, 2301
2020-10-03T22:25:22.000Z, 7713
2021-01-19T03:48:21.000Z, 1141
2020-03-10T21:38:19.000Z, 1751
2020-06-21T19:11:18.000Z, 839
2021-03-21T00:27:15.000Z, 2844
2020-11-05T06:42:05.000Z, 5635
2021-03-05T15:53:43.000Z, 3154
2020-02-09T19:25:16.000Z, 2069
2020-03-29T11:39:31.000Z, 1347
2022-02-06T09:03:59.000Z, 1564
2021-03-13T21:37:11.000Z, 1490
2020-05-16T04:22:31.000Z, 2641
2023-01-08T18:17:38.000Z, 2063
2021-01-06T18:29:43.000Z, 1447
2020-02-26T21:50:35.000Z, 929
2021-03-03T03:17:53.000Z, 3542
2021-06-26T05:51:20.000Z, 2340
2020-03-11T01:37:56.000Z, 1417
2020-06-29T00:21:13.000Z, 806
2020-08-06T05:44:15.000Z, 4977
2020-09-16T20:29:17.000Z, 577
2020-07-07T19:30:55.000Z, 1869
2021-07-22T02:09:44.000Z, 9013
2020-10-15T03:59:53.000Z, 4863
2020-06-21T21:42:08.000Z, 1124
2021-02-03T02:44:07.000Z, 763
2020-07-05T06:31:05.000Z, 592
2020-06-18T10:19:07.000Z, 692
2020-03-10T04:00:25.000Z, 1710
2020-08-26T18:28:14.000Z, 3989
2020-03-09T19:44:19.000Z, 546
2020-03-15T03:57:23.000Z, 1085
2020-04-02T00:57:26.000Z, 9543
2020-07-06T21:15:38.000Z, 1188
2020-05-10T20:11:13.000Z, 1584
2020-06-19T02:46:08.000Z, 1083
2020-03-15T02:47:09.000Z, 2965
2020-03-10T03:58:30.000Z, 2082
2020-03-19T11:07:18.000Z, 896
2020-06-17T00:27:25.000Z, 3221
2020-06-20T17:04:12.000Z, 1857
2020-04-13T18:34:49.000Z, 3458
2020-03-01T22:41:58.000Z, 4706
2020-01-21T03:00:31.000Z, 5114
2020-01-15T00:10:52.000Z, 985
2020-01-20T20:39:36.000Z, 122
2021-05-25T16:04:40.000Z, 1723
2021-05-28T20:57:44.000Z, 12254
2021-05-25T04:01:02.000Z, 7469
2021-05-25T04:02:02.000Z, 7363
2021-05-25T07:09:17.000Z, 13900
2021-05-25T18:10:36.000Z, 9005
2021-05-25T04:09:09.000Z, 5717
2021-05-26T15:08:36.000Z, 4926
2021-05-26T15:06:26.000Z, 3430
2021-05-30T09:34:15.000Z, 12860
2021-05-25T11:27:27.000Z, 3417
2021-05-25T18:21:42.000Z, 4255
2021-05-25T23:06:16.000Z, 3210
2021-05-31T21:48:26.000Z, 21515
2021-05-28T01:02:14.000Z, 4159
2021-05-26T07:33:25.000Z, 3650
2021-05-31T22:13:27.000Z, 2028
2021-05-31T18:29:51.000Z, 11
2021-08-09T21:40:19.000Z, 3190
2021-05-31T21:20:57.000Z, 9767
2021-06-01T03:52:12.000Z, 9283
2022-08-24T02:12:57.000Z, 1088
2021-05-31T13:42:33.000Z, 1909
2021-09-12T07:18:39.000Z, 613
2021-07-02T02:07:09.000Z, 2321
2021-07-03T03:35:21.000Z, 6641
2021-05-25T11:51:23.000Z, 4139
2021-10-13T15:12:05.000Z, 775
2021-05-28T02:39:37.000Z, 4713
2021-10-13T19:15:23.000Z, 7602
2021-06-01T03:57:03.000Z, 7139
2021-07-12T20:48:23.000Z, 225
2021-07-25T13:32:27.000Z, 4749
2021-07-29T13:21:00.000Z, 2084
2021-09-02T18:35:18.000Z, 2501
2021-07-21T10:47:09.000Z, 738
2021-09-09T15:03:28.000Z, 1045
2023-03-27T04:37:45.000Z, 3157
2021-10-13T10:42:36.000Z, 1472
2021-11-20T06:00:10.000Z, 3088
2021-09-09T16:23:29.000Z, 3345
2021-05-25T04:02:03.000Z, 5670
2021-07-02T05:41:52.000Z, 2686
2021-07-03T04:03:03.000Z, 1833
2021-10-19T15:41:02.000Z, 436
2022-09-25T01:55:58.000Z, 8714
2021-11-20T13:09:48.000Z, 5562
2021-08-31T00:13:16.000Z, 2264
2021-05-31T13:52:14.000Z, 1935
2021-05-30T21:46:17.000Z, 4404
2021-10-26T16:13:00.000Z, 1666
2021-11-12T21:35:22.000Z, 1186
2021-10-13T01:49:50.000Z, 631
2021-07-02T07:20:37.000Z, 4827
2021-07-28T20:52:38.000Z, 1502
2021-11-02T22:26:25.000Z, 1735
2022-01-16T00:42:30.000Z, 287
2021-12-18T00:43:45.000Z, 2103
2021-06-01T03:21:46.000Z, 4532
2021-10-25T05:38:07.000Z, 2831
2021-08-01T14:43:02.000Z, 2985
2021-10-08T15:18:39.000Z, 6258
2021-10-31T01:38:46.000Z, 2663
2021-07-04T10:56:11.000Z, 1927
2021-07-24T17:00:25.000Z, 1754
2021-09-20T02:00:20.000Z, 1050
2021-08-09T01:22:43.000Z, 1494
2021-08-02T19:02:59.000Z, 7959
2023-03-05T04:57:53.000Z, 6662
2021-10-19T20:24:24.000Z, 1010
2021-08-25T20:07:17.000Z, 1664
2021-12-12T05:29:49.000Z, 8284
2022-01-12T23:50:32.000Z, 2271
2021-07-05T20:23:55.000Z, 2648
2021-08-03T11:56:49.000Z, 2578
2021-11-01T19:18:13.000Z, 216
2022-01-02T03:27:21.000Z, 2062
2021-09-04T19:45:03.000Z, 2530
2021-07-28T01:02:56.000Z, 14902
2022-02-01T15:32:29.000Z, 4054
2021-11-06T23:08:20.000Z, 929
2022-01-05T14:40:40.000Z, 3085
2021-12-28T19:07:28.000Z, 1263
2021-07-10T03:59:39.000Z, 2991
2021-12-28T18:31:39.000Z, 9567
2022-01-10T22:53:54.000Z, 1102
2021-09-02T23:16:40.000Z, 603
2021-08-20T01:55:49.000Z, 326
2021-05-31T01:08:17.000Z, 36484
2021-11-08T00:51:05.000Z, 5616
2022-01-30T16:02:45.000Z, 4177
2022-01-04T18:18:12.000Z, 778
2022-01-24T04:42:46.000Z, 5347
2021-08-16T03:44:13.000Z, 1849
2021-09-09T21:49:07.000Z, 1978
2022-01-06T03:01:44.000Z, 1130
2021-10-28T23:17:09.000Z, 1825
2021-05-25T15:18:21.000Z, 3728
2021-06-01T03:55:06.000Z, 3868
2021-08-01T18:26:33.000Z, 365
2021-09-02T21:14:06.000Z, 280
2021-10-09T22:20:29.000Z, 3985
2021-10-23T18:32:11.000Z, 2185
2022-01-11T11:21:11.000Z, 3686
2021-10-31T13:20:37.000Z, 948
2021-10-31T14:22:13.000Z, 728
2022-02-12T01:38:34.000Z, 3353
2023-05-21T19:33:15.000Z, 3239
2021-10-06T15:44:28.000Z, 3360
2021-05-28T22:13:19.000Z, 3930
2022-03-16T11:55:13.000Z, 1867
2021-10-24T11:36:19.000Z, 11880
2022-03-18T03:39:21.000Z, 1680
2021-12-31T18:23:59.000Z, 918
2021-07-04T03:57:35.000Z, 2438
2022-02-21T21:52:40.000Z, 4434
2021-11-09T01:58:40.000Z, 5770
2021-11-15T12:07:34.000Z, 2743
2021-09-19T10:12:08.000Z, 4202
2021-11-20T03:45:05.000Z, 3600
2022-02-20T19:17:14.000Z, 8543
2021-07-07T02:30:31.000Z, 3046
2022-03-19T22:16:08.000Z, 435
2021-05-31T23:27:00.000Z, 3477
2021-12-12T19:50:33.000Z, 14511
2022-06-17T19:13:27.000Z, 1670
2022-06-11T07:47:30.000Z, 529
2021-06-01T02:53:52.000Z, 21252
2023-10-25T20:34:51.000Z, 710
2021-10-11T01:25:37.000Z, 867
2022-03-29T12:09:22.000Z, 1178
2021-07-24T23:40:21.000Z, 697
2021-05-31T19:47:38.000Z, 3389
2022-01-13T14:33:28.000Z, 322
2022-02-26T05:52:58.000Z, 5403
2022-05-10T04:38:38.000Z, 2285
2022-05-09T20:17:20.000Z, 3330
2022-06-07T01:26:50.000Z, 893
2021-05-27T15:01:27.000Z, 1241
2021-11-15T04:17:39.000Z, 3631
2022-06-15T20:22:49.000Z, 2177
2022-03-06T16:04:04.000Z, 2001
2022-05-18T14:44:02.000Z, 1919
2022-01-21T15:54:03.000Z, 942
2022-02-22T18:22:17.000Z, 6753
2021-07-12T22:46:10.000Z, 3682
2022-02-01T06:07:56.000Z, 8615
2022-11-19T00:53:25.000Z, 8379
2021-08-12T01:12:37.000Z, 226
2021-12-31T09:22:31.000Z, 1307
2021-12-24T04:25:48.000Z, 5433
2022-06-19T05:34:18.000Z, 4871
2022-01-01T19:14:16.000Z, 280
2021-12-08T02:56:17.000Z, 1606
2021-12-29T23:01:29.000Z, 2576
2021-12-30T22:20:13.000Z, 3222
2022-01-24T19:02:05.000Z, 706
2023-03-13T11:54:30.000Z, 27270
2024-06-12T01:01:52.000Z, 2641
2021-08-01T15:31:59.000Z, 591
2022-01-04T20:41:08.000Z, 916
2021-12-24T14:26:07.000Z, 5903
2022-03-09T22:37:18.000Z, 4132
2022-04-18T00:37:37.000Z, 969
2021-07-14T00:48:33.000Z, 7555
2021-11-06T01:33:18.000Z, 5253
2021-08-15T17:22:26.000Z, 10672
2021-07-03T07:45:30.000Z, 2372
2021-07-10T02:35:17.000Z, 7561
2022-11-27T00:00:29.000Z, 758
2022-02-12T10:33:12.000Z, 5441
2021-05-31T11:00:11.000Z, 3352
2021-05-31T05:43:21.000Z, 12470
2021-12-04T00:12:44.000Z, 928
2022-04-20T16:27:53.000Z, 1222
2021-12-06T06:34:36.000Z, 2387
2022-05-18T23:28:07.000Z, 1638
2024-01-07T19:55:38.000Z, 176
2021-11-24T00:17:12.000Z, 2238
2021-08-30T23:03:09.000Z, 911
2021-12-01T12:49:07.000Z, 2031
2023-05-19T10:13:40.000Z, 5770
2022-07-31T23:06:48.000Z, 2361
2022-04-06T15:17:48.000Z, 696
2021-09-01T08:21:11.000Z, 653
2023-07-28T06:02:21.000Z, 3672
2022-02-07T23:40:18.000Z, 1931
2022-05-17T21:13:27.000Z, 3323
2022-03-18T04:00:15.000Z, 3696
2021-10-14T01:37:45.000Z, 1411
2022-03-11T21:14:43.000Z, 1668
2022-04-07T19:02:23.000Z, 1218
2022-05-30T18:58:59.000Z, 1690
2022-01-03T19:04:27.000Z, 3923
2021-11-06T23:31:26.000Z, 6359
2021-07-10T14:36:15.000Z, 2658
2021-05-31T19:30:16.000Z, 25850
2021-09-13T15:34:34.000Z, 3021
2021-10-27T02:29:38.000Z, 1986
2022-02-21T22:23:16.000Z, 1976
2022-01-30T20:08:02.000Z, 761
2022-01-22T18:32:23.000Z, 3302
2022-06-18T00:54:02.000Z, 634
2022-03-18T03:53:04.000Z, 303
2022-04-21T01:46:56.000Z, 4783
2022-02-27T18:36:52.000Z, 3367
2021-12-26T04:40:34.000Z, 1850
2021-10-06T22:53:11.000Z, 1710
2021-11-20T03:58:40.000Z, 2853
2021-09-12T06:28:22.000Z, 3433
2021-12-19T21:23:41.000Z, 296
2022-04-02T18:14:20.000Z, 2843
2021-05-30T01:45:18.000Z, 12820
2022-05-25T17:14:47.000Z, 7532
2021-09-22T01:07:55.000Z, 580
2022-03-09T16:20:03.000Z, 10402
2021-12-01T08:57:47.000Z, 2518
2021-09-05T16:58:35.000Z, 947
2021-08-25T04:17:05.000Z, 6569
2021-09-22T22:30:25.000Z, 2000
2022-01-04T07:37:08.000Z, 3551
2022-06-25T20:05:30.000Z, 1140
2022-02-02T20:13:29.000Z, 784
2021-12-22T02:03:28.000Z, 550
2023-08-05T17:44:03.000Z, 6621
2023-03-23T03:35:19.000Z, 1076
2021-11-21T20:24:38.000Z, 2311
2021-11-29T23:39:31.000Z, 4605
2022-03-01T17:35:02.000Z, 1672
2023-07-22T01:05:57.000Z, 1752
2022-05-10T14:35:50.000Z, 1064
2021-12-30T03:23:54.000Z, 20220
2022-02-13T23:28:14.000Z, 4110
2022-08-07T14:44:43.000Z, 284
2021-11-17T21:10:57.000Z, 2346
2022-02-23T18:12:08.000Z, 5927
2021-08-15T21:31:43.000Z, 1739
2021-09-13T17:47:40.000Z, 2284
2022-04-17T09:38:59.000Z, 2016
2021-08-29T02:40:09.000Z, 2570
2022-03-18T03:58:57.000Z, 1541
2022-05-01T04:18:29.000Z, 1082
2022-04-01T05:23:40.000Z, 335
2022-06-20T00:54:42.000Z, 830
2022-07-26T15:27:51.000Z, 2878
2021-08-20T18:13:52.000Z, 3489
2021-12-23T17:16:47.000Z, 2131
2022-03-01T20:10:45.000Z, 1548
2022-07-12T20:22:31.000Z, 7211
2023-08-16T15:45:03.000Z, 1621
2021-11-02T22:33:33.000Z, 597
2022-07-24T16:09:48.000Z, 3267
2022-02-09T22:40:24.000Z, 2440
2022-08-15T01:43:09.000Z, 1322
2022-06-13T14:06:57.000Z, 2028
2021-10-25T17:40:11.000Z, 3445
2022-03-03T00:00:23.000Z, 2105
2021-08-17T17:33:16.000Z, 2113
2021-12-14T21:50:45.000Z, 202
2022-08-25T18:27:37.000Z, 2896
2022-06-21T19:53:43.000Z, 2818
2022-01-22T18:32:54.000Z, 1082
2022-06-11T23:59:28.000Z, 314
2022-05-08T19:22:40.000Z, 3269
2022-01-28T18:11:43.000Z, 3390
2021-10-21T16:48:35.000Z, 848
2021-10-22T18:41:26.000Z, 2050
2021-10-23T17:34:55.000Z, 1197
2021-10-24T17:11:01.000Z, 5057
2021-10-25T17:23:58.000Z, 4787
2021-10-26T18:05:22.000Z, 1618
2021-10-27T17:16:08.000Z, 3804
2021-10-28T19:19:50.000Z, 3636
2021-10-29T17:31:34.000Z, 5180
2021-10-31T17:05:51.000Z, 2599
2022-03-18T03:30:50.000Z, 2790
2023-01-20T00:03:15.000Z, 394
2024-07-03T21:49:47.000Z, 5075
2022-04-26T08:07:59.000Z, 1968
2022-09-05T17:32:27.000Z, 588
2022-08-12T17:57:45.000Z, 2557
2021-05-25T20:58:08.000Z, 10191
2023-06-03T18:37:58.000Z, 1354
2022-06-21T07:52:29.000Z, 2175
2022-02-25T21:30:26.000Z, 3950
2021-11-29T19:57:23.000Z, 642
2022-06-10T18:10:20.000Z, 1526
2023-06-12T18:52:51.000Z, 3151
2022-04-22T00:23:11.000Z, 781
2022-08-26T03:16:39.000Z, 747
2022-04-25T22:42:33.000Z, 5713
2024-12-30T16:47:59.000Z, 38
2021-08-17T19:52:14.000Z, 2544
2021-05-25T19:59:48.000Z, 8989
2021-10-09T01:55:40.000Z, 752
2022-02-13T21:50:27.000Z, 1960
2022-02-15T05:02:30.000Z, 5327
2021-12-05T02:54:51.000Z, 1745
2022-04-21T01:30:39.000Z, 5473
2022-01-01T15:50:02.000Z, 731
2022-03-18T00:53:41.000Z, 3778
2022-04-05T05:24:40.000Z, 7066
2022-02-13T01:18:55.000Z, 995
2022-07-16T18:35:53.000Z, 2416
2022-03-14T22:59:15.000Z, 1306
2022-04-19T16:34:44.000Z, 1687
2021-09-06T16:50:53.000Z, 743
2022-02-17T05:02:47.000Z, 9399
2021-07-15T07:29:00.000Z, 3772
2021-09-10T15:09:24.000Z, 1436
2023-08-21T21:40:08.000Z, 4547
2022-03-16T23:31:50.000Z, 5194
2022-06-29T18:13:37.000Z, 2092
2021-07-02T16:30:28.000Z, 1097
2022-02-04T21:08:26.000Z, 6959
2022-01-01T03:40:26.000Z, 2703
2022-01-06T00:41:42.000Z, 850
2022-04-13T02:31:38.000Z, 3526
2021-09-08T23:29:14.000Z, 2481
2021-10-26T19:35:50.000Z, 2933
2022-01-17T06:57:09.000Z, 1156
2022-03-08T03:56:50.000Z, 1923
2022-05-28T19:05:46.000Z, 1878
2021-07-25T07:03:49.000Z, 2410
2021-10-15T14:22:36.000Z, 3841
2021-08-04T01:20:52.000Z, 2197
2021-05-25T04:17:10.000Z, 1651
2021-12-05T13:35:19.000Z, 1798
2021-12-03T20:32:05.000Z, 1275
2021-08-15T18:49:30.000Z, 181
2022-04-23T05:22:40.000Z, 857
2021-08-24T20:33:27.000Z, 5689
2022-08-05T10:20:45.000Z, 1917
2023-08-11T12:01:15.000Z, 2288
2022-06-11T01:55:33.000Z, 1923
2024-04-06T16:37:45.000Z, 6759
2021-08-20T22:00:58.000Z, 463
2022-04-13T15:47:23.000Z, 9716
2021-10-03T23:56:21.000Z, 5935
2022-09-01T03:42:19.000Z, 482
2022-10-15T21:04:55.000Z, 805
2022-04-05T01:34:31.000Z, 621
2023-01-21T21:47:01.000Z, 3430
2022-08-29T17:19:36.000Z, 563
2023-09-08T23:13:35.000Z, 671
2022-05-02T15:51:35.000Z, 8039
2021-10-02T18:07:29.000Z, 617
2022-02-24T04:50:53.000Z, 2640
2023-12-05T15:21:20.000Z, 412
2021-05-25T05:25:06.000Z, 8046
2022-02-09T09:42:41.000Z, 3331
2022-05-06T21:16:38.000Z, 2093
2021-08-28T11:42:04.000Z, 5793
2023-07-25T17:54:37.000Z, 2618
2022-05-27T05:02:05.000Z, 1341
2021-07-03T04:05:54.000Z, 705
2022-06-04T05:57:56.000Z, 1657
2022-05-29T20:09:52.000Z, 4088
2021-09-15T23:23:58.000Z, 3315
2022-06-24T13:49:05.000Z, 999
2022-03-10T02:53:28.000Z, 3011
2021-12-11T17:59:05.000Z, 1836
2022-04-07T20:15:19.000Z, 3092
2022-02-02T19:43:43.000Z, 1295
2022-02-27T10:40:52.000Z, 1688
2021-09-14T02:11:00.000Z, 3075
2021-06-01T00:58:29.000Z, 7697
2022-06-08T08:01:54.000Z, 887
2022-10-28T05:12:24.000Z, 1852
2022-05-04T11:55:32.000Z, 2278
2022-10-15T05:30:42.000Z, 519
2021-07-06T19:39:11.000Z, 3441
2022-04-24T09:57:40.000Z, 559
2022-01-07T03:54:58.000Z, 12713
2022-05-04T21:49:38.000Z, 444
2023-12-06T14:42:29.000Z, 10071
2022-05-04T13:31:42.000Z, 3261
2021-12-14T22:51:24.000Z, 2477
2022-08-28T13:56:45.000Z, 259
2022-04-21T02:21:30.000Z, 1895
2022-06-26T22:18:31.000Z, 2599
2021-11-15T01:40:26.000Z, 1957
2021-08-30T14:14:21.000Z, 9193
2024-11-06T00:13:27.000Z, 3454
2022-07-26T23:50:22.000Z, 5188
2022-04-21T03:26:11.000Z, 1292
2022-04-18T21:12:52.000Z, 6296
2022-10-08T18:14:52.000Z, 3250
2022-06-20T13:15:36.000Z, 2759
2022-04-04T23:12:54.000Z, 2326
2021-10-02T05:07:28.000Z, 1812
2021-05-25T18:36:44.000Z, 228
2021-09-23T13:02:35.000Z, 2689
2021-10-16T03:09:01.000Z, 581
2022-03-02T22:26:14.000Z, 2684
2021-08-20T01:01:22.000Z, 348
2023-01-30T19:40:24.000Z, 1653
2021-11-20T07:18:05.000Z, 5144
2022-01-15T17:32:54.000Z, 2273
2022-04-24T20:49:10.000Z, 413
2022-04-10T18:32:27.000Z, 4765
2022-03-07T19:40:58.000Z, 3817
2021-09-09T21:19:56.000Z, 1008
2021-11-19T05:48:07.000Z, 9995
2022-04-22T17:22:16.000Z, 1061
2022-01-02T05:42:48.000Z, 2894
2023-11-27T00:58:54.000Z, 3400
2022-06-01T00:33:51.000Z, 531
2022-06-11T12:54:47.000Z, 1737
2022-08-13T03:18:37.000Z, 4716
2021-05-25T20:59:21.000Z, 2402
2021-12-08T00:50:05.000Z, 3486
2021-06-01T02:52:15.000Z, 9184
2022-04-26T23:56:12.000Z, 3980
2021-09-10T02:16:06.000Z, 628
2022-06-05T18:57:09.000Z, 1286
2022-05-27T21:30:06.000Z, 3495
2021-10-29T17:48:36.000Z, 459
2022-08-03T18:46:35.000Z, 4183
2022-05-11T16:26:37.000Z, 2624
2022-04-19T20:46:13.000Z, 1669
2021-10-26T17:20:00.000Z, 1059
2022-04-15T22:05:58.000Z, 2186
2022-06-28T01:49:29.000Z, 830
2022-07-24T00:36:56.000Z, 3003
2022-06-19T14:08:09.000Z, 305
2022-03-16T19:47:47.000Z, 2528
2023-08-04T05:53:10.000Z, 2098
2023-06-18T07:03:13.000Z, 1640
2021-11-02T01:12:36.000Z, 4677
2021-08-18T14:38:25.000Z, 3733
2022-01-25T15:48:49.000Z, 1095
2021-11-22T15:58:07.000Z, 762
2022-02-26T00:56:30.000Z, 3397
2021-07-15T23:46:40.000Z, 2113
2022-03-04T22:29:47.000Z, 1159
2021-07-09T03:36:01.000Z, 1420
2021-09-30T20:33:06.000Z, 1027
2021-12-04T16:48:02.000Z, 3000
2022-01-13T21:39:58.000Z, 1525
2023-01-09T08:46:09.000Z, 1026
2022-01-13T00:03:14.000Z, 1506
2022-01-05T13:37:22.000Z, 293
2022-02-03T23:35:22.000Z, 3060
2022-03-09T20:58:37.000Z, 1699
2022-05-09T19:23:54.000Z, 3340
2022-04-30T00:35:03.000Z, 2623
2022-05-28T03:34:52.000Z, 1145
2023-08-12T23:40:13.000Z, 3433
2023-12-28T15:19:06.000Z, 3492
2023-05-22T23:28:34.000Z, 4889
2022-01-31T22:29:19.000Z, 9099
2021-05-28T16:55:06.000Z, 6724
2022-07-21T05:24:29.000Z, 253
2022-04-28T16:02:05.000Z, 3888
2023-05-19T23:43:55.000Z, 8207
2022-02-26T21:40:41.000Z, 1398
2022-01-19T22:46:35.000Z, 800
2022-02-02T02:32:03.000Z, 317
2022-06-29T17:12:05.000Z, 3993
2022-01-05T22:54:22.000Z, 677
2022-08-28T22:47:48.000Z, 427
2021-10-29T20:37:16.000Z, 2739
2022-08-30T20:34:59.000Z, 2733
2023-06-01T16:01:24.000Z, 3209
2018-06-27T04:02:19.000Z, 908
2022-05-13T21:10:46.000Z, 711
2022-03-04T01:10:36.000Z, 11232
2022-05-01T17:31:34.000Z, 1860
2022-05-02T16:21:51.000Z, 1202
2021-12-15T03:56:58.000Z, 425
2021-12-06T20:19:51.000Z, 7405
2022-01-11T21:25:12.000Z, 3746
2022-09-06T09:26:34.000Z, 12240
2022-07-06T20:15:59.000Z, 1909
2022-06-09T15:00:25.000Z, 2182
2022-05-10T01:56:18.000Z, 14222
2022-09-06T12:24:53.000Z, 688
2022-04-24T17:01:25.000Z, 2821
2022-08-12T15:32:16.000Z, 2085
2022-08-16T22:16:01.000Z, 3283
2022-04-15T21:55:15.000Z, 3554
2023-01-30T18:29:38.000Z, 1846
2022-05-17T03:32:11.000Z, 1309
2021-12-07T13:39:42.000Z, 3906
2021-10-25T21:55:45.000Z, 3638
2021-07-21T09:15:34.000Z, 853
2021-05-25T21:15:42.000Z, 97649
2021-10-06T18:01:16.000Z, 1640
2021-10-31T15:24:47.000Z, 1346
2022-01-02T07:21:03.000Z, 3643
2022-05-03T12:19:54.000Z, 3478
2022-12-29T23:24:40.000Z, 1936
2022-05-03T14:48:18.000Z, 4652
2022-06-13T00:09:02.000Z, 1279
2022-07-09T11:22:03.000Z, 1616
2022-07-12T15:49:31.000Z, 407
2023-03-05T01:25:36.000Z, 313
2022-03-18T03:58:15.000Z, 2405
2023-11-07T13:56:03.000Z, 2540
2022-06-03T01:32:58.000Z, 2735
2025-01-22T23:37:58.000Z, 2628
2022-03-18T02:34:07.000Z, 2944
2022-04-29T10:18:08.000Z, 4886
2024-10-10T13:23:19.000Z, 4052
2024-10-16T19:27:19.000Z, 2387
2022-04-11T21:12:03.000Z, 5119
2023-07-26T23:02:06.000Z, 3881
2023-03-13T20:18:32.000Z, 5592
2022-07-23T17:17:39.000Z, 3423
2022-02-17T17:23:20.000Z, 3590
2021-08-04T20:33:54.000Z, 3669
2021-06-01T03:57:58.000Z, 1745
2022-01-18T02:08:45.000Z, 679
2024-05-01T03:53:17.000Z, 1253
2021-05-25T09:58:43.000Z, 3848
2021-07-05T20:31:51.000Z, 2540
2022-03-01T00:51:56.000Z, 3452
2022-01-05T15:36:38.000Z, 1867
2023-12-22T07:44:40.000Z, 1167
2022-06-22T03:43:03.000Z, 2731
2024-04-25T17:23:01.000Z, 1052
2022-04-04T16:51:14.000Z, 3110
2023-11-22T23:20:13.000Z, 1435
2021-10-21T08:28:23.000Z, 1045
2024-01-23T18:11:17.000Z, 5248
2025-02-05T23:52:53.000Z, 2683
2022-01-12T15:34:16.000Z, 2526
2023-07-05T19:06:39.000Z, 689
2021-12-29T14:53:21.000Z, 4989
2022-06-17T10:20:12.000Z, 995
2021-09-09T04:04:47.000Z, 1508
2023-08-09T19:07:14.000Z, 1159
2022-06-22T19:51:30.000Z, 742
2022-11-09T07:37:42.000Z, 8502
2023-12-28T20:18:52.000Z, 4441
2021-09-07T00:59:03.000Z, 4560
2022-06-10T18:35:38.000Z, 769
2022-06-04T23:56:19.000Z, 480
2022-04-20T18:20:34.000Z, 1005
2021-11-10T19:28:33.000Z, 578
2021-08-17T22:54:20.000Z, 417
2021-07-14T19:34:11.000Z, 1815
2022-06-14T18:40:10.000Z, 1449
2022-06-16T18:35:29.000Z, 1622
2022-05-12T13:26:59.000Z, 3111
2021-11-06T00:00:21.000Z, 1171
2022-12-11T07:28:21.000Z, 1274
2023-02-28T21:50:43.000Z, 1847
2023-06-21T12:20:03.000Z, 421
2021-07-31T16:37:23.000Z, 3962
2022-03-09T03:22:34.000Z, 6346
2021-11-28T06:46:29.000Z, 2180
2024-01-16T12:57:40.000Z, 8415
2023-01-05T22:38:56.000Z, 1022
2022-02-14T13:52:48.000Z, 2207
2022-02-18T04:06:44.000Z, 3224
2021-09-11T05:09:20.000Z, 849
2023-08-12T00:04:01.000Z, 444
2022-01-12T00:01:42.000Z, 2374
2022-03-12T06:50:35.000Z, 2221
2023-09-27T14:41:05.000Z, 1956
2022-08-17T18:35:32.000Z, 5881
2023-06-23T00:02:53.000Z, 316
2021-11-09T17:46:34.000Z, 1273
2021-12-26T02:58:42.000Z, 7320
2022-04-15T04:46:55.000Z, 716
2023-02-01T21:50:53.000Z, 1526
2022-08-13T02:47:23.000Z, 1111
2023-11-28T16:34:35.000Z, 642
2021-07-02T02:57:20.000Z, 1023
2023-09-23T18:37:48.000Z, 513
2022-12-06T02:38:17.000Z, 1061
2022-07-16T01:06:04.000Z, 931
2022-09-04T15:49:26.000Z, 1844
2022-05-02T18:07:19.000Z, 1285
2021-10-15T01:31:47.000Z, 4488
2022-06-20T14:16:17.000Z, 841
2022-06-09T15:48:43.000Z, 1310
2021-11-30T15:52:45.000Z, 2588
2021-12-23T15:02:59.000Z, 2218
2021-09-23T20:39:49.000Z, 3245
2021-08-21T14:21:06.000Z, 704
2021-07-03T09:15:09.000Z, 4154
2021-05-31T19:00:55.000Z, 6908
2021-09-30T15:33:49.000Z, 1010
2021-11-13T00:42:36.000Z, 2114
2021-12-30T15:15:06.000Z, 237
2022-05-15T20:17:01.000Z, 2462
2022-08-28T18:05:13.000Z, 526
2021-07-26T21:40:01.000Z, 11721
2022-06-15T05:25:39.000Z, 4361
2021-07-23T22:42:54.000Z, 2806
2021-10-28T21:28:39.000Z, 5078
2021-09-08T00:01:17.000Z, 1207
2021-10-17T00:07:31.000Z, 6257
2022-07-12T23:31:06.000Z, 139
2022-05-29T20:26:15.000Z, 486
2022-05-11T01:34:34.000Z, 2357
2022-05-01T19:34:43.000Z, 1976
2021-11-18T20:04:36.000Z, 6670
2022-01-22T22:53:03.000Z, 3334
2021-12-30T04:43:57.000Z, 4973
2023-10-26T06:22:11.000Z, 4218
2022-02-23T20:33:52.000Z, 4285
2021-09-05T16:31:08.000Z, 457
2022-03-17T20:57:08.000Z, 4407
2021-11-02T23:35:34.000Z, 9398
2023-03-23T23:14:53.000Z, 3720
2022-01-04T19:09:45.000Z, 2446
2022-09-29T18:51:24.000Z, 6632
2024-10-22T23:55:07.000Z, 4027
2022-06-24T05:15:48.000Z, 7347
2022-01-17T05:40:05.000Z, 465
2021-12-16T03:53:15.000Z, 2235
2023-12-29T20:34:26.000Z, 29
2021-08-20T05:41:53.000Z, 3534
2022-02-06T21:15:15.000Z, 984
2022-02-19T18:25:10.000Z, 2633
2022-09-23T14:32:42.000Z, 4259
2022-02-21T03:27:58.000Z, 2255
2022-03-20T17:16:52.000Z, 3228
2022-01-18T17:24:45.000Z, 1075
2021-08-24T18:28:42.000Z, 1744
2022-07-11T23:25:05.000Z, 1599
2021-12-11T11:03:20.000Z, 6527
2022-08-22T04:08:55.000Z, 861
2022-11-24T23:23:57.000Z, 5502
2022-06-30T06:15:25.000Z, 4204
2022-08-26T04:19:32.000Z, 7874
2023-12-30T00:15:02.000Z, 2089
2021-11-10T18:08:59.000Z, 5347
2022-04-15T12:00:40.000Z, 2006
2021-12-11T22:57:43.000Z, 1365
2021-11-19T00:30:47.000Z, 214
2021-11-17T02:52:07.000Z, 1146
2021-10-26T15:48:45.000Z, 1497
2021-07-30T15:49:16.000Z, 1809
2024-05-22T12:59:57.000Z, 1108
2021-11-29T13:31:40.000Z, 4434
2021-12-11T00:36:56.000Z, 6170
2021-05-25T04:03:58.000Z, 3283
2021-07-03T05:27:37.000Z, 1136
2021-07-17T05:34:41.000Z, 2097
2021-09-24T21:35:56.000Z, 631
2021-07-02T02:32:15.000Z, 2365
2021-06-01T03:36:36.000Z, 6124
2021-05-30T12:11:38.000Z, 23342
2021-05-25T04:01:02.000Z, 3777
2021-09-26T00:24:04.000Z, 2593
2021-05-25T23:23:15.000Z, 790
2021-11-17T12:24:42.000Z, 4095
2022-02-13T02:49:53.000Z, 3869
2022-01-05T09:00:50.000Z, 3188
2022-09-23T02:49:46.000Z, 487
2023-12-23T20:59:05.000Z, 3878
2022-09-01T13:52:08.000Z, 3003
2021-05-29T04:13:03.000Z, 5750
2021-10-26T17:42:42.000Z, 4002
2022-03-18T01:18:57.000Z, 1945
2024-09-13T12:49:09.000Z, 856
2022-03-23T13:47:04.000Z, 1459
2022-06-18T10:31:11.000Z, 2835
2022-04-21T02:20:53.000Z, 3076
2024-02-07T22:25:40.000Z, 2578
2023-06-19T15:51:05.000Z, 3386
2021-05-30T15:05:55.000Z, 1124
2021-09-25T23:41:53.000Z, 3773
2021-12-10T16:01:57.000Z, 2328
2021-08-13T08:45:42.000Z, 2448
2022-03-21T18:44:37.000Z, 4426
2021-07-07T18:34:34.000Z, 3027
2021-07-08T02:48:24.000Z, 1377
2022-01-18T12:15:20.000Z, 621
2023-11-23T05:00:13.000Z, 4035
2023-11-26T01:45:02.000Z, 744
2022-03-14T16:16:44.000Z, 2302
2021-09-19T17:02:19.000Z, 428
2022-04-18T21:38:44.000Z, 2418
2021-11-20T19:23:59.000Z, 1775
2021-05-25T16:26:31.000Z, 4158
2021-05-25T04:06:56.000Z, 11287
2021-08-29T16:19:53.000Z, 561
2022-03-23T01:43:57.000Z, 696
2022-03-26T22:27:59.000Z, 6173
2021-07-05T01:15:36.000Z, 855
2022-04-20T23:42:07.000Z, 2845
2023-08-21T01:48:59.000Z, 1343
2021-10-13T16:32:45.000Z, 606
2021-10-23T03:35:56.000Z, 435
2022-04-03T15:28:03.000Z, 7409
2021-07-09T16:30:34.000Z, 2292
2021-05-26T03:14:45.000Z, 5367
2022-01-17T02:55:58.000Z, 703
2022-08-06T15:34:34.000Z, 8472
2022-03-06T22:27:34.000Z, 3072
2021-05-26T05:01:14.000Z, 14156
2022-11-05T21:44:49.000Z, 2470
2022-04-13T21:06:26.000Z, 7224
2023-10-23T01:16:56.000Z, 1034
2024-06-23T03:53:21.000Z, 1970
2023-01-03T20:09:04.000Z, 1277
2023-01-05T08:39:03.000Z, 6458
2022-08-26T14:18:45.000Z, 6429
2022-05-07T21:40:45.000Z, 1711
2021-08-27T22:28:43.000Z, 530
2022-08-19T07:45:21.000Z, 1024
2021-07-02T02:00:31.000Z, 408
2022-04-27T21:16:17.000Z, 1006
2022-06-16T14:53:19.000Z, 1366
2023-10-10T23:26:49.000Z, 4626
2023-05-30T16:13:12.000Z, 3014
2022-08-26T17:52:51.000Z, 1303
2021-11-06T23:00:52.000Z, 4827
2022-12-15T18:02:02.000Z, 1519
2023-08-12T13:31:04.000Z, 563
2022-02-18T07:13:56.000Z, 4546
2022-02-12T06:24:43.000Z, 4667
2022-03-12T15:30:11.000Z, 4578
2022-06-24T02:11:04.000Z, 805
2021-09-19T21:28:54.000Z, 962
2022-06-17T22:29:59.000Z, 189
2022-04-22T20:45:02.000Z, 2248
2022-05-10T10:53:17.000Z, 2600
2021-11-22T14:53:34.000Z, 1962
2021-11-10T04:00:26.000Z, 6830
2022-01-08T02:58:52.000Z, 3616
2022-04-02T23:35:57.000Z, 1426
2025-08-21T19:00:58.000Z, 1362
2022-06-15T00:28:47.000Z, 1230
2022-08-02T03:45:38.000Z, 1940
2022-05-26T14:42:50.000Z, 788
2022-07-28T05:29:07.000Z, 2779
2022-08-23T05:54:56.000Z, 5465
2023-10-08T18:24:14.000Z, 851
2022-01-13T18:25:10.000Z, 1928
2025-02-13T23:47:01.000Z, 2075
2023-02-16T09:52:38.000Z, 3929
2021-07-25T00:54:48.000Z, 2788
2023-08-03T21:38:59.000Z, 1863
2022-08-28T18:28:03.000Z, 2524
2022-05-10T13:26:04.000Z, 1266
2022-08-17T03:11:14.000Z, 28465
2021-11-17T16:18:19.000Z, 1705
2021-08-30T17:51:16.000Z, 4324
2023-09-01T23:06:49.000Z, 1087
2022-05-01T14:24:16.000Z, 1724
2021-10-08T09:41:22.000Z, 394
2022-06-21T06:13:11.000Z, 1308
2022-03-15T17:59:47.000Z, 9218
2021-07-13T02:59:01.000Z, 2194
2022-02-22T23:55:33.000Z, 4595
2021-11-15T01:43:57.000Z, 2714
2021-06-01T00:41:16.000Z, 4889
2021-07-09T08:55:25.000Z, 2338
2022-10-26T00:00:35.000Z, 740
2022-06-09T11:36:14.000Z, 786
2021-12-18T19:09:25.000Z, 2446
2022-06-22T20:37:04.000Z, 604
2025-07-24T12:44:08.000Z, 504
2021-05-30T23:37:51.000Z, 6159
2021-10-04T00:19:57.000Z, 1440
2021-07-10T17:16:25.000Z, 1958
2024-10-17T00:37:20.000Z, 7792
2022-03-12T15:30:20.000Z, 1564
2022-01-18T03:37:30.000Z, 350
2021-05-25T07:22:26.000Z, 6616
2021-07-31T17:12:05.000Z, 582
2021-08-31T23:41:17.000Z, 4067
2022-07-04T17:52:33.000Z, 2050
2022-12-20T09:52:20.000Z, 1812
2022-04-25T17:58:20.000Z, 1043
2022-02-22T16:25:40.000Z, 3760
2023-05-19T08:26:51.000Z, 2722
2022-06-07T03:07:20.000Z, 1876
2022-03-16T20:11:01.000Z, 957
2021-08-13T11:08:06.000Z, 537
2021-05-25T08:42:10.000Z, 8016
2021-07-06T20:59:48.000Z, 2760
2022-05-25T21:44:03.000Z, 567
2021-07-10T03:25:14.000Z, 2849
2022-05-03T17:02:35.000Z, 322
2021-07-16T19:49:05.000Z, 1996
2022-04-15T03:31:32.000Z, 3760
2021-09-27T23:25:54.000Z, 1093
2021-11-01T06:00:09.000Z, 4197
2022-04-27T02:16:47.000Z, 10264
2024-01-24T20:37:50.000Z, 3498
2022-06-23T12:44:43.000Z, 1733
2022-02-13T05:48:16.000Z, 3128
2022-04-14T22:48:39.000Z, 1423
2023-06-13T01:19:03.000Z, 1893
2021-08-23T01:34:58.000Z, 1059
2022-07-14T05:17:40.000Z, 1149
2022-06-07T02:34:46.000Z, 469
2022-06-23T02:05:41.000Z, 1651
2022-01-29T23:03:58.000Z, 2725
2021-07-10T03:45:28.000Z, 5705
2022-02-28T17:31:18.000Z, 5123
2022-06-09T12:14:27.000Z, 1673
2024-03-01T03:42:55.000Z, 2626
2022-03-14T22:45:07.000Z, 956
2023-11-09T16:02:22.000Z, 1207
2024-04-16T21:52:59.000Z, 3770
2021-12-21T23:14:54.000Z, 1157
2024-01-03T03:38:08.000Z, 4814
2023-12-06T17:56:50.000Z, 3043
2023-06-28T18:03:18.000Z, 5169
2022-05-03T18:55:11.000Z, 1171
2022-08-24T00:16:54.000Z, 744
2022-04-24T19:29:08.000Z, 12062
2022-06-09T11:22:36.000Z, 726
2022-04-26T01:10:52.000Z, 1300
2022-08-24T03:24:03.000Z, 5263
2022-09-19T08:55:24.000Z, 528
2022-06-07T13:43:49.000Z, 957
2024-09-17T01:24:22.000Z, 3577
2023-10-11T03:07:51.000Z, 1069
2024-12-06T16:48:54.000Z, 250
2022-08-16T23:28:16.000Z, 4899
2022-03-23T00:27:13.000Z, 3807
2021-07-22T02:02:44.000Z, 1447
2022-07-13T11:26:18.000Z, 484
2024-08-07T04:14:17.000Z, 765
2021-09-27T16:44:29.000Z, 1145
2023-07-29T15:50:49.000Z, 3288
2023-09-19T18:22:17.000Z, 11124
2022-05-15T01:01:10.000Z, 5976
2022-08-08T15:37:00.000Z, 5673
2022-01-19T05:32:39.000Z, 1192
2022-05-18T18:57:46.000Z, 1428
2022-05-30T21:02:04.000Z, 917
2022-08-24T17:13:00.000Z, 3530
2023-01-12T18:53:22.000Z, 3269
2023-01-10T04:56:12.000Z, 5109
2022-10-05T07:25:37.000Z, 4250
2022-03-05T04:35:56.000Z, 1891
2022-06-23T15:37:12.000Z, 306
2023-11-15T02:23:18.000Z, 1267
2021-12-23T22:04:42.000Z, 816
2022-05-16T09:41:14.000Z, 4467
2022-04-15T00:06:16.000Z, 3607
2022-01-05T18:46:52.000Z, 4650
2022-06-18T17:54:07.000Z, 309
2021-10-08T16:00:22.000Z, 821
2022-03-12T02:35:49.000Z, 1573
2022-04-08T20:42:29.000Z, 606
2021-09-01T18:45:34.000Z, 975
2022-08-13T18:48:59.000Z, 2245
2022-07-21T12:27:54.000Z, 1255
2023-11-15T22:38:05.000Z, 1013
2022-05-29T15:27:40.000Z, 1232
2022-08-18T01:43:31.000Z, 493
2022-04-09T13:48:24.000Z, 2288
2022-02-20T09:05:00.000Z, 916
2022-08-11T12:17:06.000Z, 13445
2021-09-04T19:52:55.000Z, 534
2022-01-30T23:19:05.000Z, 3329
2021-09-02T23:18:50.000Z, 1369
2021-05-26T14:07:20.000Z, 11656
2022-05-14T19:03:50.000Z, 3471
2022-04-14T20:08:34.000Z, 10443
2021-06-01T02:40:07.000Z, 6063
2022-10-25T00:41:51.000Z, 1753
2021-08-20T00:25:09.000Z, 701
2022-01-14T21:39:22.000Z, 768
2021-11-06T04:34:55.000Z, 5556
2022-06-03T18:57:31.000Z, 2544
2021-10-31T16:53:08.000Z, 171
2022-02-06T18:32:42.000Z, 2423
2022-02-05T03:12:22.000Z, 2116
2022-09-21T18:22:41.000Z, 6046
2022-05-25T18:34:45.000Z, 3270
2021-12-31T19:08:07.000Z, 1357
2021-08-23T18:16:17.000Z, 347
2021-05-27T15:36:35.000Z, 8025
2021-08-23T03:46:34.000Z, 295
2022-03-02T17:58:36.000Z, 767
2022-02-19T00:45:54.000Z, 2378
2022-05-25T16:23:09.000Z, 1006
2022-01-02T15:16:54.000Z, 947
2022-05-18T03:43:22.000Z, 6872
2022-03-08T20:51:26.000Z, 899
2021-07-10T03:58:13.000Z, 1388
2022-01-24T22:01:35.000Z, 2132
2021-11-19T00:30:34.000Z, 971
2022-08-16T18:46:02.000Z, 9915
2021-11-29T05:12:23.000Z, 1688
2024-05-15T19:13:29.000Z, 324
2022-04-18T23:41:34.000Z, 951
2022-11-14T13:46:39.000Z, 7932
2022-01-08T03:02:23.000Z, 5236
2022-04-10T16:22:36.000Z, 3769
2021-10-02T09:55:58.000Z, 2990
2022-01-21T22:04:48.000Z, 4572
2024-09-11T19:27:11.000Z, 4056
2021-09-29T15:38:01.000Z, 1148
2024-12-30T22:26:53.000Z, 3973
2024-07-04T21:46:19.000Z, 2747
2022-03-15T18:34:04.000Z, 1284
2024-02-09T22:56:10.000Z, 4290
2022-09-02T03:10:41.000Z, 1334
2022-06-06T06:01:11.000Z, 474
2021-07-09T21:01:59.000Z, 4788
2021-11-13T02:37:37.000Z, 662
2022-08-29T23:46:36.000Z, 4435
2021-11-17T03:27:18.000Z, 818
2022-02-28T03:10:44.000Z, 4157
2021-05-25T04:07:44.000Z, 2822
2021-09-30T18:02:17.000Z, 3069
2022-05-25T22:04:34.000Z, 7811
2022-08-18T00:27:32.000Z, 478
2022-03-01T03:27:04.000Z, 2821
2022-01-23T21:28:31.000Z, 857
2022-09-20T04:05:46.000Z, 3638
2021-05-25T04:09:19.000Z, 7271
2022-02-26T00:02:32.000Z, 6877
2021-09-30T02:53:25.000Z, 5083
2023-05-19T04:09:02.000Z, 4136
2022-03-16T12:33:11.000Z, 3501
2022-07-29T04:37:41.000Z, 421
2022-07-31T21:26:07.000Z, 545
2022-04-30T22:42:09.000Z, 737
2022-01-17T00:35:36.000Z, 719
2022-01-17T03:57:53.000Z, 1880
2022-09-26T05:42:18.000Z, 5007
2022-05-30T20:37:32.000Z, 5790
2023-11-08T16:22:59.000Z, 4582
2023-04-02T12:36:17.000Z, 886
2023-09-04T16:04:19.000Z, 4395
2023-08-03T06:14:13.000Z, 453
2022-07-08T20:11:10.000Z, 4508
2022-03-29T19:45:50.000Z, 3033
2021-09-17T16:29:26.000Z, 2667
2024-11-24T12:48:43.000Z, 2282
2022-07-14T07:59:19.000Z, 1994
2022-03-05T17:09:47.000Z, 2934
2025-05-11T15:07:33.000Z, 2419
2021-10-26T15:36:07.000Z, 1747
2022-01-31T07:08:19.000Z, 1867
2021-09-17T01:13:36.000Z, 1917
2021-05-28T03:56:31.000Z, 1158
2021-08-13T20:38:24.000Z, 3768
2022-02-19T15:55:38.000Z, 7347
2022-07-15T08:23:01.000Z, 929
2022-06-09T20:31:03.000Z, 958
2022-06-08T16:39:51.000Z, 5468
2022-01-25T21:05:02.000Z, 644
2022-02-14T17:48:15.000Z, 1010
2021-10-16T22:40:57.000Z, 1426
2022-05-14T23:16:07.000Z, 771
2021-10-02T03:12:02.000Z, 7899
2022-04-05T16:04:30.000Z, 507
2021-10-07T21:23:35.000Z, 3226
2021-10-07T20:35:23.000Z, 563
2021-12-12T16:47:50.000Z, 1103
2021-12-28T05:34:43.000Z, 1372
2022-06-28T00:28:17.000Z, 465
2022-02-04T01:33:20.000Z, 428
2021-12-14T00:25:58.000Z, 6805
2021-09-08T22:57:09.000Z, 1915
2021-10-14T17:08:14.000Z, 767
2021-08-30T05:56:13.000Z, 1958
2021-05-25T07:14:24.000Z, 3281
2021-05-31T00:55:10.000Z, 5205
2021-06-01T03:18:09.000Z, 646
2021-05-29T18:36:11.000Z, 1092
2021-05-26T22:40:49.000Z, 5231
2021-05-25T07:15:40.000Z, 1492
2021-05-29T19:39:49.000Z, 3128
2021-05-25T04:19:15.000Z, 597
2022-07-25T20:20:03.000Z, 16273
2022-07-26T16:00:01.000Z, 9965
2022-07-25T04:00:02.000Z, 4201
2022-07-25T04:00:04.000Z, 5965
2022-07-25T04:03:26.000Z, 19728
2022-07-25T14:58:41.000Z, 11736
2022-07-25T22:50:28.000Z, 28393
2022-07-25T04:05:04.000Z, 4999
2022-07-28T19:29:01.000Z, 490
2022-07-27T20:43:54.000Z, 945
2022-07-29T00:49:12.000Z, 9379
2022-07-31T09:54:59.000Z, 13434
2022-07-25T04:00:03.000Z, 1281
2022-08-01T03:59:38.000Z, 1187
2022-08-01T03:46:08.000Z, 2179
2022-07-25T12:48:52.000Z, 20719
2022-07-25T21:42:50.000Z, 7572
2022-07-31T22:20:40.000Z, 4072
2022-08-01T03:59:07.000Z, 13541
2022-07-30T22:41:53.000Z, 1909
2022-08-01T01:54:52.000Z, 13321
2022-07-25T04:02:53.000Z, 8160
2022-07-31T20:47:59.000Z, 10812
2022-07-29T13:31:37.000Z, 5289
2022-07-30T17:26:12.000Z, 2873
2022-09-05T22:32:19.000Z, 582
2022-09-25T20:40:45.000Z, 1043
2022-10-01T16:49:04.000Z, 4398
2023-05-08T19:18:57.000Z, 1246
2022-08-01T03:59:03.000Z, 3755
2024-10-31T19:47:43.000Z, 3618
2022-09-18T23:46:36.000Z, 12788
2022-08-31T19:32:00.000Z, 3633
2022-10-02T16:51:37.000Z, 4846
2022-11-16T03:27:37.000Z, 8359
2022-09-22T03:17:29.000Z, 617
2022-07-25T05:01:21.000Z, 5680
2022-10-17T04:28:26.000Z, 8867
2022-09-20T14:26:45.000Z, 5842
2022-09-02T17:10:56.000Z, 3659
2025-01-14T20:01:38.000Z, 4820
2022-07-29T14:55:17.000Z, 5714
2022-07-25T04:36:41.000Z, 19320
2022-09-04T16:53:00.000Z, 2805
2022-11-19T05:30:51.000Z, 1460
2022-07-30T23:53:16.000Z, 10855
2022-09-29T17:15:24.000Z, 11269
2022-11-01T00:05:29.000Z, 1004
2023-08-30T04:14:46.000Z, 8811
2022-07-25T04:01:13.000Z, 1836
2022-11-07T19:56:19.000Z, 1074
2022-09-21T13:28:52.000Z, 941
2022-11-11T19:37:17.000Z, 3798
2023-01-06T00:06:11.000Z, 1590
2022-09-01T21:23:27.000Z, 492
2023-02-24T23:47:34.000Z, 3783
2022-09-17T07:34:35.000Z, 2239
2022-11-27T05:24:49.000Z, 1996
2022-11-17T02:55:42.000Z, 1520
2022-07-31T23:12:01.000Z, 2090
2022-12-28T14:34:18.000Z, 885
2022-10-30T19:13:17.000Z, 244
2022-12-07T17:14:24.000Z, 947
2023-04-03T15:56:15.000Z, 2221
2023-02-20T19:24:34.000Z, 3269
2022-10-18T13:24:15.000Z, 443
2023-04-15T22:27:52.000Z, 1361
2022-10-27T22:09:27.000Z, 4818
2022-11-28T18:53:16.000Z, 5908
2022-07-30T01:15:04.000Z, 4142
2023-02-06T01:09:50.000Z, 1542
2023-12-25T23:16:39.000Z, 1104
2022-11-15T15:14:25.000Z, 3122
2022-10-25T13:48:23.000Z, 849
2022-07-30T01:42:20.000Z, 4690
2022-10-12T00:40:41.000Z, 1965
2022-07-28T00:03:00.000Z, 5710
2023-01-22T15:14:48.000Z, 1466
2022-09-07T02:03:59.000Z, 2335
2023-01-13T17:39:03.000Z, 3590
2023-01-04T04:54:18.000Z, 1818
2023-05-19T04:07:58.000Z, 6574
2023-06-01T18:59:22.000Z, 1658
2022-07-30T22:37:58.000Z, 8750
2023-02-24T17:44:39.000Z, 1689
2023-04-16T23:17:48.000Z, 4775
2022-08-31T06:33:11.000Z, 3417
2023-05-27T21:06:57.000Z, 6387
2022-09-28T20:31:31.000Z, 3055
2022-10-03T23:41:12.000Z, 5398
2023-01-02T22:33:10.000Z, 373
2022-12-21T02:11:44.000Z, 3392
2022-11-14T13:43:35.000Z, 1483
2023-08-13T17:13:26.000Z, 3300
2022-10-27T15:27:36.000Z, 379
2023-04-29T18:03:48.000Z, 5937
2022-10-22T04:57:13.000Z, 664
2022-09-13T12:35:17.000Z, 5340
2022-07-26T15:07:35.000Z, 11727
2022-07-26T13:50:01.000Z, 12623
2022-11-08T18:20:33.000Z, 11361
2022-09-12T07:43:56.000Z, 449
2022-10-17T18:07:32.000Z, 1161
2023-01-02T21:34:30.000Z, 1025
2023-10-28T15:10:08.000Z, 416
2022-08-01T03:41:49.000Z, 3245
2022-11-05T17:29:28.000Z, 1338
2022-10-25T06:35:41.000Z, 4538
2022-07-31T22:50:47.000Z, 3077
2023-01-01T20:47:47.000Z, 1266
2022-10-04T07:58:51.000Z, 1076
2024-09-29T18:00:02.000Z, 6499
2023-01-05T11:41:31.000Z, 3770
2023-01-26T11:05:39.000Z, 3020
2022-07-25T17:03:24.000Z, 5088
2023-03-16T21:57:17.000Z, 2972
2023-01-03T00:36:50.000Z, 1657
2022-08-31T08:57:50.000Z, 5703
2025-08-23T18:27:11.000Z, 3371
2022-12-05T17:04:42.000Z, 5690
2022-07-30T19:04:39.000Z, 2528
2022-08-31T22:36:55.000Z, 1923
2022-11-01T04:52:11.000Z, 2739
2022-09-08T21:05:41.000Z, 591
2023-01-29T19:34:35.000Z, 711
2023-03-04T12:03:17.000Z, 504
2023-01-05T14:44:25.000Z, 2879
2023-05-11T15:09:58.000Z, 5126
2023-05-25T19:31:13.000Z, 3652
2022-09-21T03:53:51.000Z, 2186
2025-01-31T19:53:14.000Z, 3599
2022-08-01T03:23:35.000Z, 21607
2023-11-25T12:32:29.000Z, 14848
2023-01-21T05:36:46.000Z, 524
2023-08-12T01:53:22.000Z, 2411
2023-04-13T20:04:27.000Z, 2873
2022-09-25T07:49:00.000Z, 2226
2025-04-19T01:22:57.000Z, 9490
2023-05-17T16:33:26.000Z, 1734
2022-11-23T23:14:19.000Z, 7863
2023-12-09T19:36:31.000Z, 1850
2023-01-02T09:14:22.000Z, 1796
2023-01-04T06:58:56.000Z, 1578
2025-02-27T02:00:59.000Z, 4332
2022-07-25T04:05:37.000Z, 1884
2023-12-03T16:33:44.000Z, 667
2022-07-25T04:03:11.000Z, 4467
2023-06-24T03:25:03.000Z, 404
2023-05-14T21:39:34.000Z, 1701
2022-07-31T23:26:34.000Z, 726
2023-09-26T03:35:08.000Z, 3135
2023-05-30T00:43:16.000Z, 1286
2023-12-22T01:25:26.000Z, 2654
2022-11-12T02:34:26.000Z, 1707
2023-01-06T01:30:12.000Z, 2324
2023-12-08T14:50:52.000Z, 2701
2022-10-05T20:26:56.000Z, 4588
2024-01-14T02:40:40.000Z, 418
2022-08-01T00:55:42.000Z, 7261
2023-12-30T03:35:46.000Z, 6780
2023-07-02T02:00:06.000Z, 1606
2023-09-02T23:49:55.000Z, 529
2022-07-31T21:02:21.000Z, 1617
2023-12-29T19:28:43.000Z, 3785
2023-02-17T18:50:57.000Z, 3146
2023-02-13T04:43:25.000Z, 811
2022-10-04T02:32:07.000Z, 719
2022-07-31T18:17:16.000Z, 11622
2022-09-09T21:51:47.000Z, 740
2023-05-22T20:06:08.000Z, 5966
2023-01-04T19:25:25.000Z, 1091
2023-05-28T07:13:00.000Z, 3960
2022-07-25T04:32:31.000Z, 8723
2023-05-26T03:25:55.000Z, 1342
2023-02-22T08:01:36.000Z, 4032
2024-02-27T16:31:17.000Z, 4974
2023-05-19T04:19:10.000Z, 3248
2023-01-02T20:12:01.000Z, 677
2023-10-16T23:50:29.000Z, 5337
2024-01-15T01:07:59.000Z, 4461
2022-10-17T11:55:58.000Z, 1790
2022-11-16T19:03:42.000Z, 1572
2023-09-01T04:01:00.000Z, 6193
2023-06-13T17:34:25.000Z, 5322
2023-09-11T20:07:55.000Z, 1584
2025-10-05T06:43:43.000Z, 104
2023-10-23T14:15:36.000Z, 2504
2022-11-09T05:29:05.000Z, 1059
2023-09-04T01:34:11.000Z, 5830
2023-10-04T01:50:34.000Z, 265
2023-06-07T20:45:30.000Z, 2426
2022-08-01T03:41:38.000Z, 4527
2022-07-30T23:31:02.000Z, 892
2022-09-10T00:14:17.000Z, 1314
2023-02-27T06:50:46.000Z, 1715
2023-06-01T15:41:44.000Z, 2534
2023-06-05T02:03:01.000Z, 727
2022-07-25T04:00:56.000Z, 3395
2025-06-16T19:54:00.000Z, 5533
2023-11-05T11:40:48.000Z, 3143
2022-07-25T19:05:57.000Z, 1832
2023-05-20T02:51:16.000Z, 12861
2023-09-28T21:14:38.000Z, 5503
2022-09-27T11:28:30.000Z, 600
2023-11-21T07:59:05.000Z, 1296
2023-02-12T06:05:22.000Z, 878
2023-07-14T05:22:04.000Z, 3731
2023-03-29T00:53:27.000Z, 1458
2024-09-26T00:19:46.000Z, 5985
2022-10-01T16:09:53.000Z, 5498
2023-11-09T00:15:14.000Z, 5944
2022-10-07T15:19:28.000Z, 5341
2022-12-06T22:50:40.000Z, 579
2023-03-14T21:31:58.000Z, 979
2022-08-01T00:59:22.000Z, 2912
2023-06-10T11:26:53.000Z, 11218
2022-10-02T16:35:45.000Z, 3562
2022-12-12T16:35:24.000Z, 894
2023-05-25T01:04:53.000Z, 2957
2022-12-28T20:23:08.000Z, 1623
2023-01-14T20:02:55.000Z, 7776
2025-09-07T19:47:20.000Z, 3981
2023-05-19T13:29:19.000Z, 1244
2023-10-05T15:18:04.000Z, 1043
2022-10-22T07:40:28.000Z, 1221
2022-11-15T05:18:05.000Z, 7215
2022-10-08T16:06:38.000Z, 6373
2023-04-22T11:42:06.000Z, 1702
2023-10-06T01:11:53.000Z, 1727
2024-06-13T21:49:33.000Z, 6030
2023-12-20T23:40:50.000Z, 2302
2023-08-11T19:50:08.000Z, 895
2023-09-24T14:24:04.000Z, 1761
2022-11-10T20:52:26.000Z, 4209
2023-11-25T03:17:41.000Z, 20986
2024-02-22T00:09:49.000Z, 2571
2023-06-08T15:02:18.000Z, 2205
2024-01-12T17:20:15.000Z, 8206
2023-06-26T13:19:55.000Z, 568
2023-02-01T04:59:15.000Z, 398
2023-10-14T01:58:10.000Z, 2337
2022-07-31T05:18:00.000Z, 4872
2023-04-10T03:31:06.000Z, 1377
2023-06-23T13:10:11.000Z, 2334
2024-12-03T09:23:33.000Z, 874
2024-06-10T18:32:56.000Z, 461
2023-05-01T13:21:06.000Z, 4345
2025-07-06T05:53:22.000Z, 485
2024-01-10T19:35:58.000Z, 2196
2023-12-11T18:24:28.000Z, 3491
2024-01-22T18:05:07.000Z, 425
2022-09-15T20:21:44.000Z, 405
2022-09-17T06:09:58.000Z, 6251
2023-09-11T17:14:43.000Z, 6107
2024-06-04T17:01:37.000Z, 3328
2023-05-30T22:39:29.000Z, 1384
2023-08-18T22:21:55.000Z, 1568
2023-05-04T00:31:25.000Z, 1991
2023-07-31T22:52:29.000Z, 2336
2022-07-31T03:36:42.000Z, 13817
2022-11-24T06:18:13.000Z, 4298
2023-06-28T17:12:52.000Z, 1379
2023-06-19T03:10:32.000Z, 410
2022-08-31T15:46:24.000Z, 1469
2023-07-27T01:13:06.000Z, 2143
2023-11-01T17:16:31.000Z, 8749
2023-09-11T14:30:07.000Z, 9440
2023-02-10T22:44:42.000Z, 849
2023-03-01T14:08:29.000Z, 515
2023-09-21T05:08:27.000Z, 5486
2022-09-25T07:24:33.000Z, 3185
2023-03-30T06:11:59.000Z, 4265
2023-08-15T01:14:51.000Z, 3761
2025-02-21T04:59:45.000Z, 1996
2025-01-25T13:59:25.000Z, 7362
2023-01-20T15:03:37.000Z, 4936
2022-09-23T17:48:07.000Z, 901
2024-10-23T23:21:24.000Z, 1373
2023-04-06T19:38:32.000Z, 4370
2023-08-01T16:04:18.000Z, 2483
2022-07-31T17:49:59.000Z, 257
2022-10-09T17:21:18.000Z, 19229
2022-09-05T16:16:52.000Z, 2011
2023-09-03T22:17:56.000Z, 1524
2023-07-19T11:57:32.000Z, 1246
2024-01-03T00:34:04.000Z, 8278
2023-07-15T17:14:34.000Z, 3952
2022-09-08T03:31:04.000Z, 1503
2023-12-14T15:32:26.000Z, 2748
2022-09-17T13:14:44.000Z, 2063
2022-07-25T20:16:54.000Z, 1156
2023-01-04T08:39:40.000Z, 799
2023-01-06T04:57:33.000Z, 2507
2022-10-10T17:04:28.000Z, 2154
2023-07-09T08:08:59.000Z, 943
2023-08-09T19:32:53.000Z, 5906
2023-10-22T20:37:05.000Z, 10879
2023-07-28T14:15:18.000Z, 2823
2022-08-31T14:04:19.000Z, 647
2023-05-19T05:45:08.000Z, 2214
2023-01-26T20:55:36.000Z, 761
2023-01-03T03:11:14.000Z, 2242
2022-08-31T02:53:03.000Z, 12918
2023-01-03T09:59:09.000Z, 474
2022-07-25T04:00:44.000Z, 4622
2023-03-13T03:05:47.000Z, 3211
2022-07-25T04:08:03.000Z, 3604
2022-12-21T14:25:40.000Z, 3939
2024-02-18T23:02:18.000Z, 1467
2022-11-08T15:41:36.000Z, 901
2022-07-25T04:00:02.000Z, 2201
2022-11-18T05:32:39.000Z, 1811
2025-02-27T22:16:16.000Z, 400
2023-08-06T07:40:48.000Z, 5616
2023-07-23T20:03:50.000Z, 7075
2023-07-29T18:29:59.000Z, 1719
2023-07-21T19:24:23.000Z, 1631
2024-03-10T00:16:53.000Z, 2342
2022-09-16T03:25:54.000Z, 406
2023-09-27T23:45:17.000Z, 3461
2022-12-12T22:55:50.000Z, 822
2023-02-23T22:40:53.000Z, 2014
2023-07-08T15:05:33.000Z, 9545
2022-07-25T04:01:43.000Z, 1308
2023-08-21T11:58:27.000Z, 4043
2023-06-07T20:18:07.000Z, 12319
2023-03-13T17:09:29.000Z, 1609
2022-09-17T20:07:17.000Z, 2085
2023-06-11T21:44:05.000Z, 2137
2023-01-03T06:08:36.000Z, 758
2022-10-11T15:59:05.000Z, 1464
2023-08-21T12:01:46.000Z, 974
2023-08-04T08:02:56.000Z, 1459
2023-07-02T13:53:05.000Z, 1074
2023-03-31T00:52:26.000Z, 3075
2023-09-04T03:58:15.000Z, 6864
2023-09-04T00:54:01.000Z, 3169
2022-10-24T16:23:01.000Z, 244
2022-12-29T00:42:35.000Z, 1149
2022-08-01T03:37:29.000Z, 1401
2023-05-25T23:31:25.000Z, 1488
2024-03-03T02:28:47.000Z, 3396
2023-02-16T21:10:11.000Z, 3293
2023-09-03T20:06:01.000Z, 3133
2023-09-14T16:36:08.000Z, 1301
2023-08-17T23:58:06.000Z, 2111
2023-08-21T04:01:33.000Z, 1877
2023-11-27T21:27:03.000Z, 2059
2022-12-07T22:15:31.000Z, 91
2023-01-02T00:20:25.000Z, 1435
2024-01-14T01:19:36.000Z, 1237
2023-08-25T17:05:27.000Z, 963
2023-12-30T02:55:12.000Z, 842
2024-01-01T04:12:16.000Z, 4333
2023-08-30T22:33:07.000Z, 1010
2023-07-30T17:42:23.000Z, 1974
2025-02-26T23:15:03.000Z, 4498
2024-02-12T19:31:55.000Z, 3357
2023-08-26T04:08:13.000Z, 3756
2024-03-03T23:27:17.000Z, 3638
2023-01-27T17:23:38.000Z, 3794
2022-10-01T14:23:11.000Z, 6373
2023-05-19T14:31:11.000Z, 5757
2023-10-25T03:16:58.000Z, 3923
2023-07-26T16:24:23.000Z, 7747
2022-12-09T22:16:33.000Z, 4765
2024-02-25T16:37:29.000Z, 922
2023-08-21T13:49:32.000Z, 4123
2022-09-06T15:57:35.000Z, 1209
2022-07-25T05:53:01.000Z, 18839
2023-10-12T18:38:24.000Z, 15910
2024-04-15T20:43:55.000Z, 3909
2024-07-05T15:46:17.000Z, 6807
2023-12-29T00:04:08.000Z, 1956
2023-11-10T17:25:30.000Z, 2236
2023-12-29T18:43:45.000Z, 3762
2023-08-15T14:39:10.000Z, 796
2022-07-29T09:04:03.000Z, 18906
2023-02-25T06:37:37.000Z, 1317
2023-01-03T14:52:31.000Z, 393
2023-12-21T01:28:07.000Z, 3639
2023-11-25T07:37:20.000Z, 2771
2022-10-12T17:00:17.000Z, 959
2023-01-04T13:34:17.000Z, 1205
2023-08-04T17:59:28.000Z, 1375
2022-09-22T15:54:19.000Z, 3040
2022-07-25T04:00:00.000Z, 2202
2022-11-28T18:05:34.000Z, 6503
2025-02-22T08:44:36.000Z, 5677
2023-07-17T01:56:28.000Z, 1508
2022-08-31T21:47:46.000Z, 465
2023-08-07T21:12:12.000Z, 1650
2023-08-20T04:25:45.000Z, 4171
2023-12-04T21:41:05.000Z, 4324
2023-05-11T20:49:23.000Z, 3940
2023-08-21T20:41:54.000Z, 291
2023-06-04T22:05:18.000Z, 1037
2023-08-30T20:34:54.000Z, 4242
2024-01-12T18:29:55.000Z, 3635
2023-10-31T19:59:25.000Z, 789
2024-01-17T06:36:44.000Z, 4394
2023-05-25T03:28:11.000Z, 4468
2024-06-04T18:20:57.000Z, 3139
2022-09-29T02:36:29.000Z, 839
2023-08-15T18:26:22.000Z, 1151
2023-06-16T22:34:38.000Z, 1171
2022-07-26T01:03:27.000Z, 833
2023-05-28T22:29:18.000Z, 1637
2023-05-03T20:15:58.000Z, 1501
2023-05-25T00:45:39.000Z, 3304
2025-09-11T10:34:20.000Z, 863
2023-07-16T21:18:30.000Z, 552
2023-07-23T17:31:30.000Z, 893
2023-09-03T16:13:21.000Z, 8403
2025-04-17T23:01:17.000Z, 612
2025-10-11T15:05:23.000Z, 104
2023-05-26T01:08:10.000Z, 8113
2023-12-04T12:34:57.000Z, 4486
2022-10-13T08:51:36.000Z, 16109
2023-05-10T13:51:10.000Z, 3225
2024-01-12T22:26:23.000Z, 1290
2022-11-30T16:28:45.000Z, 2088
2023-12-26T02:54:03.000Z, 6074
2025-04-13T22:08:10.000Z, 2424
2023-09-03T06:12:27.000Z, 2015
2022-09-12T23:25:52.000Z, 690
2023-01-02T23:41:37.000Z, 893
2023-08-19T19:32:09.000Z, 22054
2023-11-12T23:31:05.000Z, 4053
2022-05-29T06:31:13.000Z, 2231
2023-07-04T23:13:46.000Z, 3604
2023-07-19T22:26:07.000Z, 1671
2022-07-25T15:04:53.000Z, 5320
2023-10-06T17:37:26.000Z, 884
2023-01-02T22:07:01.000Z, 1573
2022-10-15T00:21:22.000Z, 3080
2023-09-03T15:47:38.000Z, 3388
2024-08-20T16:02:36.000Z, 1261
2023-09-04T04:00:48.000Z, 1139
2023-01-24T05:29:15.000Z, 5420
2022-10-18T16:58:14.000Z, 2431
2024-12-16T19:38:22.000Z, 7370
2022-11-09T22:05:33.000Z, 2810
2025-03-20T09:46:42.000Z, 2624
2022-08-31T19:51:42.000Z, 5123
2023-10-07T16:47:32.000Z, 1393
2023-09-04T01:26:54.000Z, 3507
2023-10-03T15:10:00.000Z, 2149
2022-10-08T22:37:33.000Z, 981
2023-07-31T13:20:24.000Z, 1336
2023-05-26T04:28:50.000Z, 8187
2025-04-23T16:04:00.000Z, 2741
2024-12-28T15:30:31.000Z, 3483
2022-10-15T16:46:26.000Z, 2403
2023-08-11T17:45:42.000Z, 1758
2023-04-01T21:37:45.000Z, 938
2022-10-29T14:56:51.000Z, 813
2023-06-11T11:19:17.000Z, 7566
2024-02-18T01:29:40.000Z, 1391
2023-09-28T20:03:24.000Z, 2092
2024-09-29T16:38:41.000Z, 2488
2023-05-20T19:26:24.000Z, 843
2023-10-16T15:39:09.000Z, 1329
2025-07-06T04:33:54.000Z, 1010
2025-06-19T19:00:00.000Z, 4218
2025-02-05T01:52:12.000Z, 2956
2023-04-16T22:20:41.000Z, 605
2025-05-02T22:39:09.000Z, 5565
2025-05-15T18:40:10.000Z, 1578
2023-09-18T00:16:37.000Z, 3673
2023-08-31T23:06:06.000Z, 5272
2022-07-30T16:46:38.000Z, 6705
2024-02-18T03:26:42.000Z, 2177
2023-10-05T17:41:51.000Z, 616
2025-02-15T05:04:47.000Z, 2003
2025-01-18T04:51:41.000Z, 5824
2024-12-12T00:16:54.000Z, 2573
2024-03-02T07:31:41.000Z, 625
2022-09-28T06:08:45.000Z, 2290
2024-01-09T12:06:53.000Z, 1443
2022-09-02T01:38:38.000Z, 5778
2022-07-25T04:00:01.000Z, 1502
2022-07-29T20:40:48.000Z, 1624
2023-02-28T01:51:21.000Z, 6575
2022-12-09T07:13:24.000Z, 7823
2023-02-15T04:54:34.000Z, 2462
2023-01-17T14:44:29.000Z, 393
2023-07-09T22:04:11.000Z, 329
2023-08-04T02:14:52.000Z, 3820
2023-05-15T02:08:04.000Z, 8889
2022-11-22T19:12:25.000Z, 2125
2023-01-06T04:55:38.000Z, 1992
2023-08-26T22:26:24.000Z, 1561
2022-10-23T19:14:57.000Z, 1822
2023-10-02T16:03:12.000Z, 1761
2022-07-31T18:28:43.000Z, 4731
2025-03-10T02:58:27.000Z, 1624
2025-02-13T13:35:10.000Z, 1789
2023-08-15T05:22:00.000Z, 1967
2022-09-22T02:37:16.000Z, 626
2022-11-01T00:29:55.000Z, 739
2023-09-03T16:52:04.000Z, 3645
2024-08-05T20:56:37.000Z, 3395
2023-01-10T01:32:06.000Z, 1281
2022-12-01T22:22:52.000Z, 1614
2024-07-02T21:15:46.000Z, 5778
2023-07-11T02:54:39.000Z, 3120
2023-06-20T19:09:34.000Z, 22484
2023-07-24T13:58:20.000Z, 3739
2023-04-05T19:09:58.000Z, 3623
2023-01-26T16:48:57.000Z, 3047
2025-07-03T17:19:52.000Z, 1239
2022-10-17T00:15:01.000Z, 2249
2024-12-25T15:41:26.000Z, 2034
2023-05-25T22:30:00.000Z, 349
2025-04-25T18:54:11.000Z, 1727
2022-12-31T01:12:52.000Z, 2557
2023-06-16T02:08:02.000Z, 1376
2022-09-01T05:56:28.000Z, 820
2023-01-08T02:09:50.000Z, 4095
2024-11-03T05:23:48.000Z, 693
2022-09-28T01:26:34.000Z, 10438
2025-03-01T22:06:06.000Z, 1790
2025-04-17T18:06:12.000Z, 782
2023-01-11T21:12:56.000Z, 5109
2025-07-10T11:50:04.000Z, 418
2023-10-26T04:05:49.000Z, 7266
2023-11-13T16:53:50.000Z, 3678
2023-09-25T09:41:47.000Z, 3220
2022-10-18T18:09:18.000Z, 7780
2023-07-03T16:09:16.000Z, 1557
2023-07-24T23:32:14.000Z, 6006
2023-09-25T18:28:02.000Z, 1768
2024-01-23T05:33:01.000Z, 4753
2022-08-01T01:42:47.000Z, 8288
2022-12-13T21:24:15.000Z, 1325
2022-10-31T07:20:51.000Z, 3369
2023-11-21T19:17:31.000Z, 719
2022-10-17T23:17:27.000Z, 946
2022-09-13T02:22:13.000Z, 2952
2025-07-06T05:35:37.000Z, 685
2023-10-11T17:05:26.000Z, 8719
2025-07-06T05:48:36.000Z, 982
2025-07-13T04:00:43.000Z, 408
2023-08-28T13:16:30.000Z, 3019
2023-12-15T04:26:59.000Z, 1267
2022-09-04T03:49:27.000Z, 4173
2022-09-07T04:14:57.000Z, 4162
2022-09-12T21:57:47.000Z, 2864
2023-01-03T03:58:53.000Z, 9999
2023-03-26T04:21:28.000Z, 997
2023-02-03T20:41:35.000Z, 1205
2023-01-02T16:29:03.000Z, 824
2023-07-11T01:20:07.000Z, 2693
2023-10-17T15:58:27.000Z, 874
2023-05-25T01:22:17.000Z, 2064
2023-01-14T15:26:18.000Z, 3484
2022-09-30T22:05:22.000Z, 1521
2022-10-19T00:42:04.000Z, 6357
2023-01-30T02:17:37.000Z, 6075
2025-07-06T12:42:44.000Z, 882
2025-07-14T01:17:46.000Z, 429
2025-07-08T03:57:00.000Z, 881
2023-09-04T01:22:58.000Z, 2517
2022-11-11T22:57:48.000Z, 334
2023-01-02T18:34:36.000Z, 975
2023-08-26T06:27:39.000Z, 9754
2025-02-27T19:55:23.000Z, 4132
2022-09-05T14:45:50.000Z, 1014
2022-10-31T16:10:09.000Z, 953
2023-01-02T17:40:53.000Z, 358
2023-01-23T15:29:51.000Z, 4512
2023-02-20T19:43:21.000Z, 1511
2022-10-05T17:28:32.000Z, 2311
2023-05-19T04:09:32.000Z, 5116
2023-06-20T15:28:12.000Z, 1586
2023-03-27T22:01:48.000Z, 1712
2023-08-21T14:35:57.000Z, 3339
2022-07-25T07:55:30.000Z, 20325
2022-09-06T01:20:07.000Z, 1849
2023-04-23T00:19:33.000Z, 3663
2022-10-19T16:11:01.000Z, 22148
2023-12-19T04:48:07.000Z, 3781
2023-08-03T10:01:25.000Z, 1338
2023-03-27T09:49:59.000Z, 979
2024-02-26T05:04:52.000Z, 1694
2025-07-06T10:52:04.000Z, 960
2023-03-14T13:39:19.000Z, 1850
2022-11-03T21:39:57.000Z, 1665
2025-04-02T18:03:21.000Z, 5234
2023-08-21T20:27:13.000Z, 2317
2023-10-15T19:21:02.000Z, 1863
2023-08-31T04:09:24.000Z, 4488
2025-07-06T05:42:57.000Z, 878
2022-08-01T01:33:48.000Z, 8673
2022-11-27T07:06:17.000Z, 728
2023-10-03T06:10:12.000Z, 2658
2023-07-02T23:43:50.000Z, 1598
2023-06-17T08:41:38.000Z, 4059
2023-09-30T11:02:40.000Z, 734
2022-07-25T04:18:17.000Z, 12915
2023-08-26T03:16:10.000Z, 1897
2023-08-20T00:30:59.000Z, 6196
2023-08-21T04:02:24.000Z, 2067
2023-05-20T13:40:47.000Z, 1830
2025-06-15T08:50:46.000Z, 1079
2025-07-16T12:35:22.000Z, 1647
2022-10-18T18:01:13.000Z, 38090
2023-08-03T15:42:01.000Z, 2641
2025-07-06T16:15:36.000Z, 404
2023-10-08T01:48:17.000Z, 12167
2023-03-17T07:32:12.000Z, 2404
2023-07-11T00:39:40.000Z, 687
2024-03-10T22:22:53.000Z, 2927
2024-02-03T21:12:02.000Z, 2783
2025-03-18T00:26:06.000Z, 3707
2023-08-09T02:23:03.000Z, 4002
2025-07-18T19:25:56.000Z, 363
2025-07-17T19:48:38.000Z, 3157
2024-08-21T19:24:04.000Z, 1122
2023-03-24T17:34:34.000Z, 1735
2025-03-10T14:01:05.000Z, 2132
2024-10-22T21:36:09.000Z, 3248
2025-04-16T18:39:08.000Z, 2182
2025-07-08T19:03:53.000Z, 477
2025-07-12T18:22:40.000Z, 956
2022-09-16T22:10:53.000Z, 2204
2023-08-31T21:39:42.000Z, 634
2023-09-03T21:36:53.000Z, 1347
2025-07-12T12:09:07.000Z, 1029
2022-08-01T03:43:47.000Z, 1085
2023-12-31T21:30:35.000Z, 2658
2023-10-06T03:03:22.000Z, 3735
2023-09-04T00:18:01.000Z, 2087
2023-08-30T22:36:26.000Z, 1320
2025-07-13T02:05:37.000Z, 482
2022-10-20T16:21:21.000Z, 5797
2023-08-21T04:01:16.000Z, 1585
2023-08-26T15:10:47.000Z, 10236
2023-08-21T18:23:49.000Z, 2346
2023-10-14T23:24:58.000Z, 4051
2023-08-25T10:45:44.000Z, 2039
2022-08-01T00:58:07.000Z, 12884
2022-09-18T07:24:33.000Z, 1593
2023-12-25T16:03:59.000Z, 710
2023-07-10T20:55:18.000Z, 3095
2023-01-18T13:46:04.000Z, 734
2023-08-22T01:04:05.000Z, 2230
2023-05-19T16:28:29.000Z, 4180
2024-04-30T04:32:31.000Z, 4025
2023-05-23T14:31:30.000Z, 1760
2023-10-18T19:01:22.000Z, 306
2022-07-28T22:37:12.000Z, 8167
2022-12-16T18:02:59.000Z, 2184
2025-02-15T15:37:21.000Z, 518
2023-04-25T19:04:14.000Z, 14932
2023-03-04T22:31:35.000Z, 8037
2023-07-08T03:20:11.000Z, 2575
2025-07-13T01:20:37.000Z, 472
2023-11-23T07:09:34.000Z, 840
2025-06-19T07:28:32.000Z, 1526
2022-10-21T16:00:06.000Z, 7329
2025-07-06T09:27:31.000Z, 271
2023-12-18T17:31:36.000Z, 415
2024-03-05T04:50:47.000Z, 2065
2023-01-16T03:20:37.000Z, 2154
2024-01-19T23:37:53.000Z, 3761
2023-12-28T15:31:06.000Z, 934
2023-05-20T04:59:02.000Z, 2651
2022-11-29T13:22:38.000Z, 1237
2023-07-07T15:42:56.000Z, 4538
2023-11-27T14:02:38.000Z, 2984
2022-11-09T15:50:07.000Z, 1050
2022-07-25T05:16:04.000Z, 2071
2022-10-07T23:43:58.000Z, 2221
2023-01-31T06:43:56.000Z, 20758
2022-12-13T17:41:41.000Z, 823
2023-10-10T00:58:07.000Z, 6917
2023-06-19T07:25:21.000Z, 1238
2022-11-16T21:52:56.000Z, 876
2022-08-01T03:52:21.000Z, 2762
2023-01-06T03:41:16.000Z, 748
2022-09-11T14:29:38.000Z, 2664
2023-05-12T20:08:14.000Z, 3443
2022-07-27T16:36:18.000Z, 5374
2025-06-24T01:42:24.000Z, 6684
2023-05-22T03:48:30.000Z, 4781
2022-07-25T17:24:45.000Z, 6208
2023-08-21T12:31:30.000Z, 3286
2025-07-17T16:54:19.000Z, 2634
2022-10-30T19:40:48.000Z, 949
2023-08-23T19:29:57.000Z, 519
2023-09-01T06:59:59.000Z, 2480
2022-10-10T05:26:33.000Z, 3811
2023-06-08T16:16:09.000Z, 3225
2023-07-31T10:47:34.000Z, 4575
2023-01-06T04:59:34.000Z, 2505
2023-02-22T17:53:51.000Z, 2035
2022-10-22T16:00:12.000Z, 1921
2022-07-26T15:23:02.000Z, 801
2022-12-02T15:45:36.000Z, 761
2025-06-24T22:32:08.000Z, 381
2023-05-03T01:55:35.000Z, 2564
2022-11-12T00:34:13.000Z, 1325
2023-10-27T13:35:06.000Z, 1646
2022-11-02T08:30:51.000Z, 2646
2022-07-26T01:05:34.000Z, 2114
2023-07-23T23:11:03.000Z, 4906
2023-12-06T15:59:14.000Z, 1291
2023-01-16T16:08:50.000Z, 2728
2024-03-04T18:10:05.000Z, 2344
2024-02-26T02:05:09.000Z, 1019
2023-03-11T20:56:23.000Z, 879
2022-09-21T02:37:34.000Z, 1094
2025-07-06T04:30:21.000Z, 1577
2023-01-05T21:48:20.000Z, 929
2023-12-31T19:28:31.000Z, 4423
2025-07-24T00:12:28.000Z, 1027
2024-10-14T20:47:45.000Z, 1344
2023-05-26T03:56:36.000Z, 3668
2023-01-03T06:11:49.000Z, 2599
2023-11-15T19:33:50.000Z, 2066
2023-07-27T18:00:50.000Z, 5828
2023-06-08T21:05:46.000Z, 1175
2023-09-10T22:23:44.000Z, 2431
2022-08-01T02:14:52.000Z, 6155
2024-01-15T04:02:00.000Z, 1846
2023-02-12T20:46:35.000Z, 3866
2025-07-06T04:36:07.000Z, 888
2022-10-23T16:03:05.000Z, 1704
2022-07-25T05:27:15.000Z, 1064
2023-01-07T13:35:09.000Z, 6095
2025-07-06T16:57:09.000Z, 718
2025-02-21T05:41:58.000Z, 3210
2024-02-28T05:20:28.000Z, 1183
2023-06-27T17:42:10.000Z, 9148
2022-07-25T19:29:31.000Z, 17685
2022-09-27T21:59:54.000Z, 4619
2025-02-10T23:49:48.000Z, 7354
2023-07-10T14:59:47.000Z, 2587
2022-07-25T04:00:10.000Z, 3816
2022-07-28T04:23:43.000Z, 15364
2022-07-25T04:01:05.000Z, 6277
2022-09-15T14:18:11.000Z, 5127
2023-12-05T02:49:18.000Z, 537
2022-09-12T03:30:22.000Z, 897
2022-07-27T07:11:20.000Z, 13655
2022-07-26T20:16:21.000Z, 3853
2022-07-31T20:19:37.000Z, 2141
2022-09-18T05:37:04.000Z, 1063
2023-07-26T17:19:17.000Z, 1857
2023-08-07T17:47:42.000Z, 477
2023-12-16T19:28:27.000Z, 1462
2025-04-26T13:19:40.000Z, 5011
2023-08-10T00:27:22.000Z, 274
2024-08-27T21:32:12.000Z, 6964
2023-06-20T17:10:37.000Z, 6472
2022-10-25T12:58:45.000Z, 1803
2022-11-13T15:07:56.000Z, 2875
2023-03-27T20:29:34.000Z, 2882
2023-03-17T12:20:06.000Z, 758
2023-05-19T12:26:45.000Z, 927
2023-09-20T23:10:20.000Z, 1941
2024-03-02T23:33:18.000Z, 2126
2023-08-21T14:51:27.000Z, 2457
2022-10-25T02:10:47.000Z, 4291
2023-06-26T21:12:54.000Z, 7568
2023-10-03T21:30:54.000Z, 2267
2023-04-14T16:51:33.000Z, 3095
2022-07-29T14:46:04.000Z, 1292
2023-12-28T16:12:45.000Z, 478
2024-01-02T19:49:25.000Z, 3873
2022-09-09T06:31:08.000Z, 9189
2022-11-14T22:05:16.000Z, 983
2023-12-29T23:51:41.000Z, 1812
2023-01-17T00:12:34.000Z, 908
2022-10-02T14:06:18.000Z, 654
2024-12-05T03:47:03.000Z, 1568
2023-11-19T19:48:00.000Z, 8747
2025-05-10T15:00:24.000Z, 4765
2023-09-04T01:52:44.000Z, 8725
2022-11-04T12:29:35.000Z, 1029
2023-12-28T22:54:11.000Z, 1505
2023-03-04T14:58:55.000Z, 3556
2023-05-25T00:02:39.000Z, 3616
2023-10-31T21:24:45.000Z, 3613
2023-06-14T04:50:54.000Z, 1303
2023-11-20T02:17:42.000Z, 14005
2025-01-04T09:04:27.000Z, 2258
2025-07-06T18:51:56.000Z, 625
2024-01-01T01:40:14.000Z, 633
2025-02-09T19:37:14.000Z, 879
2023-07-24T14:01:28.000Z, 2526
2025-03-31T20:47:13.000Z, 1014
2025-06-24T15:25:03.000Z, 4273
2025-03-04T15:22:59.000Z, 11144
2023-09-13T23:23:19.000Z, 2582
2023-07-24T14:24:04.000Z, 5218
2023-01-14T17:15:49.000Z, 156
2022-09-10T14:15:33.000Z, 1358
2023-07-01T01:17:45.000Z, 3931
2022-09-18T04:34:28.000Z, 1687
2022-11-14T19:48:48.000Z, 6193
2022-09-12T21:51:44.000Z, 4117
2023-08-22T15:58:40.000Z, 4388
2023-09-28T03:01:16.000Z, 2306
2022-10-25T14:49:47.000Z, 4390
2022-10-26T14:48:16.000Z, 2176
2022-10-03T22:00:32.000Z, 855
2024-12-25T06:29:21.000Z, 2232
2024-01-13T07:21:00.000Z, 1782
2023-11-17T13:22:26.000Z, 349
2023-11-30T16:34:14.000Z, 788
2025-04-05T01:07:52.000Z, 3249
2024-01-01T03:50:29.000Z, 3062
2025-07-06T08:17:35.000Z, 878
2022-09-05T02:11:07.000Z, 967
2025-05-14T02:50:52.000Z, 8706
2023-06-12T22:38:42.000Z, 2066
2022-11-02T15:56:22.000Z, 3066
2025-01-14T20:50:32.000Z, 491
2023-12-12T18:47:35.000Z, 2458
2024-04-02T05:09:58.000Z, 11505
2024-11-21T12:29:06.000Z, 973
2023-06-29T03:24:30.000Z, 7242
2025-05-08T17:26:18.000Z, 540
2023-06-15T12:39:56.000Z, 1063
2024-01-02T00:03:25.000Z, 2376
2025-07-13T04:24:51.000Z, 1045
2024-02-18T23:02:00.000Z, 2936
2024-07-06T21:03:43.000Z, 2007
2023-04-07T04:25:38.000Z, 16029
2024-01-22T07:23:36.000Z, 2354
2022-03-02T04:29:38.000Z, 6619
2023-06-24T12:53:41.000Z, 666
2024-03-08T04:46:37.000Z, 4053
2023-05-14T15:23:37.000Z, 5711
2024-02-10T15:17:22.000Z, 2909
2023-03-26T14:00:13.000Z, 1376
2023-05-25T20:20:28.000Z, 7740
2023-11-29T11:40:49.000Z, 1950
2023-11-15T04:24:57.000Z, 5274
2023-05-20T17:48:54.000Z, 1253
2022-12-30T12:37:42.000Z, 6459
2022-07-28T17:10:31.000Z, 4753
2023-08-15T19:24:28.000Z, 9993
2023-01-04T22:10:08.000Z, 1345
2023-06-01T09:04:33.000Z, 4256
2023-06-15T17:18:39.000Z, 4108
2023-01-21T01:44:23.000Z, 4104
2025-07-21T08:07:44.000Z, 249
2023-08-09T02:31:54.000Z, 1413
2021-03-30T00:02:04.000Z, 660
2022-07-25T04:59:11.000Z, 528
2023-03-05T16:38:19.000Z, 1029
2022-07-26T01:43:28.000Z, 4531
2023-07-20T16:43:57.000Z, 7768
2022-11-03T12:52:43.000Z, 4267
2024-05-14T17:42:32.000Z, 2037
2023-06-20T20:16:13.000Z, 1355
2023-02-26T22:55:20.000Z, 6282
2023-06-06T04:25:22.000Z, 3732
2023-06-03T12:31:03.000Z, 1230
2022-10-27T15:31:05.000Z, 720
2022-10-04T06:48:21.000Z, 7364
2022-07-28T17:04:26.000Z, 3296
2022-10-23T03:25:58.000Z, 2171
2023-01-04T12:42:47.000Z, 1150
2022-11-09T16:25:04.000Z, 755
2023-01-06T01:26:23.000Z, 7439
2022-11-17T18:29:06.000Z, 10076
2023-10-03T16:37:13.000Z, 3241
2023-05-08T20:52:40.000Z, 6565
2024-02-25T02:37:25.000Z, 1795
2022-09-27T22:22:05.000Z, 2832
2022-11-11T07:41:25.000Z, 4357
2025-10-08T20:46:01.000Z, 104
2023-08-27T03:53:31.000Z, 4487
2023-10-11T23:52:37.000Z, 3877
2025-07-06T08:35:00.000Z, 662
2023-08-04T21:44:55.000Z, 2677
2024-01-03T15:24:37.000Z, 13488
2022-12-07T21:57:47.000Z, 1311
2023-08-21T20:11:05.000Z, 2911
2023-10-02T22:50:08.000Z, 1756
2023-09-11T22:00:34.000Z, 2031
2025-09-10T04:03:58.000Z, 526
2022-12-23T23:59:49.000Z, 2095
2023-06-23T21:31:57.000Z, 1227
2022-12-26T07:02:51.000Z, 1749
2023-10-19T15:45:19.000Z, 1946
2023-01-10T22:57:30.000Z, 1378
2024-12-09T04:00:24.000Z, 6083
2023-05-04T00:48:01.000Z, 971
2023-09-17T19:35:31.000Z, 2122
2022-10-29T23:06:26.000Z, 814
2022-10-30T02:35:58.000Z, 4210
2022-10-28T23:09:27.000Z, 916
2022-10-28T21:38:53.000Z, 1559
2022-09-24T06:54:27.000Z, 3141
2023-11-14T20:35:43.000Z, 402
2022-12-05T01:25:01.000Z, 725
2024-01-30T23:08:05.000Z, 1256
2023-12-28T23:06:52.000Z, 3644
2023-06-30T01:12:02.000Z, 1971
2023-02-21T14:15:48.000Z, 1443
2023-08-22T03:15:21.000Z, 7425
2024-11-01T22:44:41.000Z, 8063
2024-11-09T02:56:33.000Z, 6039
2024-01-10T21:41:36.000Z, 7877
2023-09-04T13:04:58.000Z, 12212
2024-02-06T06:55:55.000Z, 477
2023-08-28T16:10:15.000Z, 8578
2023-09-22T11:18:34.000Z, 1698
2022-10-04T20:44:17.000Z, 2143
2022-11-09T15:55:35.000Z, 1182
2023-11-21T17:33:40.000Z, 183
2024-01-12T04:13:10.000Z, 539
2023-12-09T18:51:18.000Z, 2745
2024-01-20T00:32:19.000Z, 1417
2023-05-07T14:30:44.000Z, 11652
2023-11-27T09:26:51.000Z, 909
2025-07-06T08:26:00.000Z, 729
2023-06-28T21:55:26.000Z, 4534
2024-01-06T05:57:14.000Z, 488
2023-01-18T14:53:09.000Z, 1406
2023-08-24T21:55:51.000Z, 215
2022-10-19T18:17:03.000Z, 395
2022-10-13T09:59:54.000Z, 1662
2025-04-03T16:10:43.000Z, 1867
2023-05-26T03:40:05.000Z, 3572
2023-01-31T20:25:49.000Z, 570
2023-05-19T04:02:59.000Z, 759
2023-01-03T22:26:00.000Z, 3107
2023-03-06T03:50:14.000Z, 5078
2024-03-11T11:49:52.000Z, 1405
2022-10-30T08:52:54.000Z, 636
2023-06-22T00:56:37.000Z, 2709
2022-07-31T18:00:58.000Z, 13895
2023-01-03T03:54:16.000Z, 1704
2022-11-17T18:54:42.000Z, 1719
2023-05-29T00:25:00.000Z, 4898
2023-04-28T02:55:04.000Z, 4484
2022-09-11T23:47:25.000Z, 382
2022-10-31T12:58:12.000Z, 1885
2023-04-13T16:28:05.000Z, 1977
2025-03-18T19:25:18.000Z, 1211
2023-03-30T06:48:33.000Z, 3338
2023-01-06T04:59:55.000Z, 693
2022-11-06T12:11:37.000Z, 1436
2022-07-28T07:28:20.000Z, 1951
2022-10-12T16:20:54.000Z, 1975
2022-12-06T14:48:00.000Z, 2482
2021-10-31T17:52:44.000Z, 701
2022-09-03T03:50:23.000Z, 3077
2022-10-05T18:06:13.000Z, 942
2022-09-14T17:56:21.000Z, 1838
2022-08-31T12:36:28.000Z, 6918
2022-08-01T03:45:46.000Z, 7585
2022-08-01T02:34:01.000Z, 2467
2022-07-25T04:04:39.000Z, 13621
2022-07-25T15:50:33.000Z, 2485
2022-07-27T13:27:22.000Z, 3883
2022-07-25T10:29:27.000Z, 9935
2024-02-12T20:20:00.000Z, 10512
2024-02-19T05:01:31.000Z, 6171
2024-02-12T05:00:02.000Z, 11406
2024-02-12T17:35:21.000Z, 7557
2024-02-12T16:18:53.000Z, 15358
2024-02-12T05:02:01.000Z, 11396
2024-02-12T05:04:09.000Z, 10795
2024-02-12T05:05:54.000Z, 12585
2024-02-12T05:01:18.000Z, 19025
2024-02-18T20:45:18.000Z, 5597
2024-02-14T21:19:03.000Z, 470
2024-02-12T05:01:07.000Z, 10321
2024-02-19T05:01:22.000Z, 4026
2024-02-14T21:44:58.000Z, 3548
2024-02-17T17:51:13.000Z, 7177
2024-02-18T07:27:42.000Z, 812
2024-02-12T05:05:51.000Z, 14000
2024-02-18T18:24:29.000Z, 25310
2024-02-12T17:15:56.000Z, 23114
2024-03-12T11:38:39.000Z, 1641
2024-02-18T04:59:23.000Z, 7925
2024-02-12T05:02:42.000Z, 6130
2025-08-30T18:14:44.000Z, 1175
2024-02-15T01:01:43.000Z, 7235
2024-02-19T04:07:20.000Z, 2047
2024-02-12T14:26:20.000Z, 17167
2024-02-19T04:06:34.000Z, 2738
2024-08-10T17:01:56.000Z, 6276
2024-02-12T14:52:15.000Z, 5592
2024-04-30T03:00:44.000Z, 6093
2024-02-17T18:57:34.000Z, 2289
2024-04-02T14:41:09.000Z, 972
2024-03-28T23:35:22.000Z, 5153
2024-03-11T22:31:54.000Z, 658
2024-03-21T04:28:18.000Z, 2701
2024-05-24T14:02:11.000Z, 13493
2024-06-13T21:32:54.000Z, 5665
2024-04-02T16:15:08.000Z, 2257
2024-06-14T22:47:25.000Z, 3907
2024-04-04T18:25:11.000Z, 1052
2024-03-13T14:49:58.000Z, 1376
2024-02-19T02:21:43.000Z, 3228
2024-12-25T18:01:47.000Z, 5960
2024-04-03T18:37:12.000Z, 1300
2024-09-29T21:03:23.000Z, 2856
2025-09-27T09:30:43.000Z, 417
2024-06-11T01:10:00.000Z, 1751
2024-05-13T16:07:00.000Z, 1083
2024-07-21T23:20:51.000Z, 674
2024-11-01T12:49:41.000Z, 2179
2024-02-18T15:07:30.000Z, 12116
2024-04-08T19:13:57.000Z, 874
2024-07-03T22:02:00.000Z, 2133
2024-08-11T00:27:56.000Z, 1584
2024-05-18T05:47:08.000Z, 938
2024-04-07T21:36:15.000Z, 902
2024-11-04T23:00:08.000Z, 13611
2024-06-19T03:02:24.000Z, 8668
2024-10-05T08:27:30.000Z, 1181
2024-04-09T14:08:49.000Z, 1065
2024-02-12T15:55:42.000Z, 18884
2024-07-04T10:58:50.000Z, 857
2025-11-23T10:36:47.000Z, 238
2025-01-01T04:18:03.000Z, 6454
2025-01-05T06:47:47.000Z, 7065
2024-04-30T23:39:04.000Z, 3308
2024-10-01T03:55:49.000Z, 5045
2024-10-11T02:10:53.000Z, 2495
2025-01-07T23:13:05.000Z, 1405
2024-04-12T12:38:51.000Z, 580
2024-03-19T03:18:45.000Z, 888
2024-11-02T13:45:56.000Z, 1314
2024-11-01T01:27:01.000Z, 1092
2024-04-21T04:28:55.000Z, 2874
2024-07-28T23:28:57.000Z, 3347
2024-07-04T19:30:23.000Z, 6920
2024-02-19T01:11:58.000Z, 8191
2024-08-15T01:35:31.000Z, 6710
2024-03-31T08:22:36.000Z, 14533
2024-02-19T04:36:52.000Z, 2624
2024-02-19T03:49:54.000Z, 18335
2024-03-18T23:15:01.000Z, 2942
2024-02-19T04:54:18.000Z, 20646
2024-07-15T10:17:01.000Z, 2292
2024-10-09T04:57:48.000Z, 932
2024-06-12T16:32:33.000Z, 460
2024-12-31T23:09:06.000Z, 3994
2024-03-18T16:00:02.000Z, 5112
2024-02-19T04:44:09.000Z, 3790
2024-02-13T00:25:52.000Z, 14799
2024-02-18T19:52:24.000Z, 27141
2024-10-03T14:18:24.000Z, 1686
2024-10-19T02:21:13.000Z, 4255
2024-10-25T11:07:49.000Z, 675
2024-10-16T10:19:22.000Z, 4630
2024-06-18T14:25:20.000Z, 3072
2024-06-19T19:10:47.000Z, 2238
2024-04-29T21:27:03.000Z, 10777
2024-04-05T01:48:38.000Z, 4026
2024-02-13T19:28:59.000Z, 5372
2024-02-13T16:18:34.000Z, 2361
2024-02-19T01:47:17.000Z, 4059
2024-04-30T13:30:28.000Z, 505
2025-02-12T18:26:50.000Z, 261
2024-10-23T06:26:53.000Z, 4983
2024-03-11T19:34:57.000Z, 3211
2024-09-11T11:59:23.000Z, 1007
2025-06-25T04:51:20.000Z, 3489
2024-02-18T22:06:19.000Z, 1966
2024-10-29T04:10:27.000Z, 2584
2024-05-18T19:49:43.000Z, 4060
2024-02-19T05:01:24.000Z, 1564
2024-07-11T00:16:26.000Z, 2702
2024-08-07T03:22:54.000Z, 3728
2024-08-29T15:19:58.000Z, 3072
2024-08-31T00:33:03.000Z, 5325
2025-05-26T20:16:50.000Z, 1813
2025-01-17T16:48:46.000Z, 5675
2024-02-19T04:02:52.000Z, 4559
2024-08-19T19:16:09.000Z, 1691
2024-02-12T17:45:08.000Z, 12600
2025-03-08T05:03:45.000Z, 3597
2025-03-14T03:22:46.000Z, 1359
2024-10-23T15:11:06.000Z, 3123
2024-09-01T22:07:59.000Z, 3622
2024-02-19T03:55:45.000Z, 5693
2024-12-14T18:22:58.000Z, 2272
2025-01-15T17:27:01.000Z, 1510
2025-04-04T11:57:13.000Z, 2568
2025-04-17T01:55:31.000Z, 2441
2024-03-20T18:54:05.000Z, 4200
2024-05-21T16:48:26.000Z, 3095
2024-02-12T05:09:34.000Z, 8512
2025-04-09T15:24:34.000Z, 2797
2025-11-02T11:06:08.000Z, 1397
2025-04-21T02:38:46.000Z, 396
2025-02-17T22:43:43.000Z, 11472
2024-10-15T22:34:25.000Z, 671
2024-04-19T08:15:30.000Z, 630
2024-11-03T20:50:01.000Z, 5841
2024-02-12T06:42:44.000Z, 8705
2024-11-20T00:54:21.000Z, 27775
2024-02-13T08:45:14.000Z, 3004
2025-04-03T17:38:35.000Z, 736
2024-05-07T21:14:46.000Z, 1090
2024-04-13T02:52:38.000Z, 237
2024-10-25T18:58:42.000Z, 11147
2024-09-04T21:53:01.000Z, 508
2024-06-24T06:36:12.000Z, 6091
2025-05-06T15:35:37.000Z, 3266
2024-03-14T14:25:46.000Z, 1852
2024-12-19T02:08:12.000Z, 3749
2025-03-28T13:43:08.000Z, 2858
2025-07-06T22:35:05.000Z, 1002
2025-04-05T14:28:35.000Z, 3526
2024-04-12T13:01:05.000Z, 1634
2024-03-11T21:00:03.000Z, 6385
2025-08-22T22:25:50.000Z, 721
2025-03-17T05:32:05.000Z, 2292
2025-07-08T20:52:10.000Z, 908
2024-10-28T16:03:08.000Z, 6466
2025-04-04T17:26:51.000Z, 3141
2025-07-06T06:40:06.000Z, 625
2025-09-24T04:44:51.000Z, 878
2025-05-06T17:57:50.000Z, 2778
2024-02-14T15:40:10.000Z, 14882
2025-06-16T02:39:54.000Z, 2361
2024-05-21T12:27:11.000Z, 826
2025-01-24T22:21:20.000Z, 1797
2025-04-23T12:10:58.000Z, 1044
2025-01-26T15:44:43.000Z, 1606
2024-02-12T05:01:33.000Z, 5300
2024-12-28T15:01:24.000Z, 1711
2025-08-07T04:55:50.000Z, 10657
2024-08-23T19:03:12.000Z, 1624
2025-07-06T04:30:07.000Z, 985
2025-05-11T19:23:22.000Z, 285
2025-08-10T00:51:52.000Z, 935
2024-11-03T06:32:15.000Z, 1894
2024-02-13T19:19:23.000Z, 28033
2025-02-09T11:44:56.000Z, 1347
2025-07-07T09:36:32.000Z, 442
2024-11-28T03:20:34.000Z, 4429
2024-08-14T07:55:01.000Z, 3099
2024-06-14T15:37:32.000Z, 1835
2025-07-06T13:31:07.000Z, 961
2025-05-21T03:12:06.000Z, 8099
2024-11-22T23:33:06.000Z, 1973
2024-04-06T01:00:46.000Z, 11521
2025-02-24T19:16:13.000Z, 6158
2025-02-12T14:50:16.000Z, 3688
2025-01-18T00:49:29.000Z, 2657
2024-04-04T14:09:43.000Z, 340
2025-05-19T21:27:44.000Z, 4498
2025-11-08T20:04:15.000Z, 104
2025-05-10T17:11:08.000Z, 5296
2024-02-17T20:34:02.000Z, 1135
2024-02-18T23:35:40.000Z, 802
2024-08-15T06:53:43.000Z, 2661
2024-12-28T16:31:57.000Z, 638
2025-07-06T04:30:38.000Z, 792
2025-04-28T15:55:17.000Z, 3921
2025-02-18T16:44:08.000Z, 3114
2025-05-24T07:01:43.000Z, 6820
2025-07-12T21:45:24.000Z, 523
2024-06-20T19:26:40.000Z, 6548
2024-07-14T15:31:14.000Z, 4577
2024-07-01T14:36:50.000Z, 2785
2024-07-16T00:49:19.000Z, 5174
2025-05-15T18:34:52.000Z, 3885
2024-12-05T16:03:53.000Z, 1787
2025-07-06T04:30:01.000Z, 939
2025-01-01T22:38:41.000Z, 3160
2024-10-22T03:59:47.000Z, 6168
2024-04-14T18:51:36.000Z, 222
2025-04-02T00:43:48.000Z, 337
2024-02-19T03:21:36.000Z, 12300
2024-12-28T19:47:20.000Z, 6143
2024-02-18T20:56:01.000Z, 19674
2025-07-09T16:00:25.000Z, 998
2024-07-31T19:47:28.000Z, 2430
2024-02-17T19:00:50.000Z, 15990
2025-07-08T00:10:36.000Z, 972
2025-01-02T03:08:43.000Z, 4344
2025-02-07T07:08:49.000Z, 232
2024-10-19T07:22:56.000Z, 10600
2024-06-11T19:37:40.000Z, 686
2025-05-23T14:57:20.000Z, 881
2024-02-13T20:34:31.000Z, 5626
2025-01-29T22:59:20.000Z, 1886
2025-03-08T04:44:47.000Z, 2526
2025-03-18T14:04:31.000Z, 1835
2025-08-15T17:41:37.000Z, 3686
2025-07-06T04:34:13.000Z, 1138
2025-03-19T13:21:24.000Z, 1181
2025-07-09T18:01:19.000Z, 353
2024-02-18T22:55:05.000Z, 19177
2018-04-09T16:23:25.000Z, 1215
2024-03-12T13:36:18.000Z, 2537
2025-07-07T00:16:59.000Z, 813
2024-02-15T10:45:18.000Z, 16118
2024-04-08T23:52:55.000Z, 4592
2025-07-06T20:05:38.000Z, 771
2025-03-08T02:05:20.000Z, 5238
2025-01-01T07:36:48.000Z, 2878
2024-05-11T06:26:27.000Z, 2156
2025-08-06T16:34:49.000Z, 793
2025-07-30T15:11:43.000Z, 2509
2025-07-13T00:29:20.000Z, 292
2024-10-23T18:18:25.000Z, 4559
2025-09-02T01:23:46.000Z, 2108
2025-07-24T12:45:26.000Z, 3567
2025-01-29T07:06:26.000Z, 5283
2025-05-22T15:46:58.000Z, 10203
2025-07-09T21:14:52.000Z, 478
2025-07-13T04:01:21.000Z, 958
2025-01-21T03:22:08.000Z, 5124
2025-04-21T20:22:44.000Z, 612
2024-12-28T23:42:04.000Z, 436
2025-05-09T18:55:09.000Z, 8039
2025-03-28T22:54:00.000Z, 55580
2025-09-13T06:53:58.000Z, 4028
2024-08-20T22:50:10.000Z, 1992
2025-08-03T20:35:45.000Z, 4856
2025-03-12T16:33:07.000Z, 2271
2025-06-04T18:52:02.000Z, 5229
2025-07-13T03:19:18.000Z, 753
2024-02-12T05:15:36.000Z, 3356
2025-05-14T17:36:52.000Z, 1256
2024-02-18T13:22:30.000Z, 8004
2025-09-14T03:09:41.000Z, 509
2025-06-05T04:22:23.000Z, 2820
2024-09-20T22:36:01.000Z, 2048
2024-05-01T03:30:39.000Z, 2595
2025-10-01T00:36:37.000Z, 104
2025-03-08T02:58:55.000Z, 2624
2025-03-01T01:03:09.000Z, 8480
2025-07-06T08:25:53.000Z, 798
2025-07-12T20:18:46.000Z, 984
2025-06-06T16:10:27.000Z, 1677
2024-07-29T14:47:46.000Z, 1792
2024-04-30T15:56:41.000Z, 3645
2024-02-18T21:58:34.000Z, 10454
2025-07-06T09:33:10.000Z, 805
2024-05-29T05:18:33.000Z, 13842
2025-07-06T08:26:23.000Z, 1049
2025-05-10T07:44:25.000Z, 1100
2025-07-23T15:18:36.000Z, 4931
2025-02-19T16:24:39.000Z, 18836
2024-02-17T22:45:10.000Z, 775
2025-08-24T06:02:03.000Z, 1378
2024-11-06T22:28:32.000Z, 1678
2025-04-17T23:12:02.000Z, 1014
2025-07-06T14:55:56.000Z, 810
2025-07-06T22:40:55.000Z, 677
2024-05-15T16:14:26.000Z, 2253
2025-07-18T07:42:05.000Z, 1834
2024-06-14T23:06:09.000Z, 3391
2024-02-12T05:21:24.000Z, 4819
2025-03-02T01:54:52.000Z, 2037
2025-08-30T01:01:59.000Z, 682
2025-07-06T23:49:48.000Z, 1030
2025-12-01T20:27:03.000Z, 1027
2024-12-25T15:33:14.000Z, 3313
2025-07-12T09:24:36.000Z, 741
2024-02-19T03:01:54.000Z, 2415
2025-07-06T04:33:20.000Z, 389
2025-07-06T13:10:34.000Z, 1002
2025-07-06T04:31:22.000Z, 233
2024-12-24T13:20:55.000Z, 3376
2024-05-22T19:19:56.000Z, 509
2024-02-12T05:40:29.000Z, 1850
2024-10-12T18:55:46.000Z, 2733
2025-07-08T18:50:45.000Z, 1668
2025-07-14T00:50:38.000Z, 751
2024-11-20T02:30:03.000Z, 1906
2024-10-08T14:31:44.000Z, 2424
2025-07-06T04:31:57.000Z, 581
2024-02-19T04:14:01.000Z, 24321
2025-07-09T19:28:43.000Z, 1936
2025-07-06T19:40:09.000Z, 996
2025-06-28T22:13:21.000Z, 1906
2024-04-15T09:58:45.000Z, 8499
2025-02-10T02:16:23.000Z, 607
2025-05-15T21:01:47.000Z, 571
2025-05-29T16:01:12.000Z, 1541
2024-05-20T18:33:21.000Z, 139
2024-03-31T22:14:04.000Z, 1592
2025-04-24T00:22:40.000Z, 6697
2025-05-26T03:53:45.000Z, 1296
2025-07-06T17:36:22.000Z, 650
2025-04-11T13:50:26.000Z, 4771
2025-07-07T04:08:09.000Z, 985
2025-07-06T13:55:27.000Z, 389
2025-07-12T18:56:35.000Z, 1037
2025-08-05T17:16:22.000Z, 446
2025-06-05T04:42:09.000Z, 1679
2025-06-03T15:22:05.000Z, 2855
2025-07-06T04:44:14.000Z, 1030
2024-09-09T17:53:45.000Z, 755
2025-07-13T03:54:23.000Z, 1382
2025-03-19T00:03:13.000Z, 1388
2025-03-28T06:56:38.000Z, 1492
2025-07-13T03:42:03.000Z, 337
2024-10-05T17:00:14.000Z, 815
2017-01-03T23:42:41.000Z, 2188
2025-07-01T02:05:05.000Z, 96025
2024-06-04T21:09:27.000Z, 2912
2025-07-20T19:37:10.000Z, 5176
2024-08-30T10:32:20.000Z, 2425
2024-10-15T04:00:20.000Z, 1451
2025-06-04T05:21:02.000Z, 5026
2024-05-26T01:30:09.000Z, 3508
2025-09-11T14:47:28.000Z, 7802
2025-07-11T01:10:11.000Z, 978
2025-05-26T05:47:17.000Z, 1097
2025-07-07T17:13:27.000Z, 888
2024-04-10T20:58:21.000Z, 6153
2024-02-18T17:00:18.000Z, 10321
2024-07-25T01:17:27.000Z, 471
2025-01-20T19:50:04.000Z, 1705
2025-07-04T02:38:41.000Z, 10194
2024-02-18T08:02:11.000Z, 11573
2025-09-16T09:30:55.000Z, 104
2025-07-08T22:25:36.000Z, 754
2024-05-03T02:36:44.000Z, 577
2025-07-08T21:29:47.000Z, 951
2024-02-12T05:01:38.000Z, 7546
2025-07-06T04:30:41.000Z, 419
2024-04-10T17:21:46.000Z, 1086
2025-01-19T13:29:29.000Z, 3233
2024-04-16T11:17:56.000Z, 16156
2024-06-29T07:28:47.000Z, 1615
2024-02-15T14:12:34.000Z, 6238
2024-08-12T16:29:16.000Z, 5344
2024-06-07T12:11:11.000Z, 3984
2024-04-08T17:52:13.000Z, 1688
2024-06-08T18:02:01.000Z, 4700
2025-03-20T16:25:13.000Z, 4524
2025-07-11T10:55:00.000Z, 795
2024-10-11T13:01:20.000Z, 5131
2025-07-13T04:26:13.000Z, 584
2025-06-02T01:42:20.000Z, 349
2025-05-19T07:50:18.000Z, 1966
2024-11-21T21:26:20.000Z, 12439
2024-10-23T03:35:19.000Z, 5300
2024-02-16T00:48:07.000Z, 6199
2025-07-06T10:56:09.000Z, 1018
2024-11-14T22:55:49.000Z, 5991
2024-05-17T04:01:27.000Z, 9504
2024-02-18T18:50:13.000Z, 10473
2024-11-06T07:23:02.000Z, 2454
2025-06-07T15:58:18.000Z, 965
2024-08-28T23:16:08.000Z, 5683
2024-03-19T23:20:24.000Z, 5254
2025-01-21T09:59:13.000Z, 2568
2024-08-27T23:54:02.000Z, 11124
2024-02-19T04:53:26.000Z, 7521
2025-07-06T04:30:24.000Z, 567
2025-07-06T04:34:51.000Z, 443
2025-04-29T09:59:00.000Z, 1597
2024-02-12T11:11:54.000Z, 17314
2025-07-06T22:57:20.000Z, 302
2025-03-14T20:50:14.000Z, 2255
2025-07-06T04:30:19.000Z, 943
2025-05-31T05:36:02.000Z, 2900
2024-10-19T13:17:02.000Z, 3827
2025-07-06T04:44:50.000Z, 1018
2024-12-10T04:04:59.000Z, 3749
2025-07-13T02:25:57.000Z, 782
2024-09-10T23:03:18.000Z, 12109
2024-10-10T23:57:38.000Z, 337
2024-08-28T09:03:07.000Z, 7066
2025-02-28T10:43:45.000Z, 8225
2025-02-09T20:07:14.000Z, 237
2025-07-06T08:55:46.000Z, 925
2025-01-19T15:51:02.000Z, 6302
2024-04-15T20:51:31.000Z, 3983
2024-10-17T15:17:36.000Z, 6933
2025-08-15T22:21:43.000Z, 860
2025-01-20T22:37:14.000Z, 1164
2024-02-19T01:40:11.000Z, 39147
2024-10-14T21:18:23.000Z, 484
2025-07-10T18:56:04.000Z, 929
2025-07-06T04:30:44.000Z, 297
2025-07-06T06:32:44.000Z, 989
2025-07-08T22:19:27.000Z, 985
2025-01-20T04:57:01.000Z, 3037
2025-07-06T12:53:43.000Z, 224
2024-04-18T04:41:35.000Z, 4212
2024-02-12T16:23:27.000Z, 34
2024-02-14T03:35:52.000Z, 4472
2025-07-10T02:02:19.000Z, 657
2024-12-20T03:30:01.000Z, 21528
2024-08-19T17:56:39.000Z, 4812
2025-03-30T03:55:49.000Z, 2648
2025-07-05T22:24:09.000Z, 4920
2024-07-06T16:58:36.000Z, 4469
2025-07-12T22:21:53.000Z, 756
2025-01-22T01:13:11.000Z, 3263
2025-07-10T04:21:01.000Z, 805
2025-07-07T11:20:16.000Z, 242
2025-02-15T13:42:45.000Z, 14225
2025-07-13T02:27:47.000Z, 991
2024-10-29T00:04:55.000Z, 2698
2024-10-15T14:02:41.000Z, 2530
2025-07-09T01:18:21.000Z, 988
2025-07-14T17:17:54.000Z, 3119
2025-03-11T17:18:03.000Z, 2990
2025-01-08T01:18:27.000Z, 2513
2025-06-20T10:44:51.000Z, 858
2024-12-22T13:58:08.000Z, 8572
2025-07-12T00:53:06.000Z, 512
2025-03-26T19:34:50.000Z, 11312
2025-06-17T00:10:31.000Z, 13026
2025-05-21T00:14:38.000Z, 1828
2024-06-14T11:49:32.000Z, 3796
2025-02-10T23:25:48.000Z, 9461
2025-07-10T16:55:01.000Z, 659
2025-07-13T02:49:34.000Z, 416
2025-07-06T15:01:03.000Z, 983
2024-03-12T23:32:20.000Z, 5172
2025-07-04T20:12:25.000Z, 4499
2025-07-06T04:32:47.000Z, 470
2025-07-12T20:25:25.000Z, 614
2025-07-06T04:30:20.000Z, 619
2024-10-12T14:00:09.000Z, 6296
2025-09-03T09:26:24.000Z, 200
2025-04-04T11:49:01.000Z, 5189
2025-07-06T04:33:44.000Z, 999
2025-01-02T05:15:57.000Z, 1248
2025-07-11T00:36:04.000Z, 980
2025-01-29T22:48:38.000Z, 3597
2025-05-25T20:54:55.000Z, 1897
2025-01-14T01:13:13.000Z, 3176
2025-07-09T12:35:53.000Z, 974
2024-03-26T20:59:36.000Z, 7279
2024-11-25T19:25:56.000Z, 1972
2025-01-14T17:21:42.000Z, 1887
2025-07-15T12:14:19.000Z, 1345
2024-07-09T23:46:28.000Z, 2178
2025-06-16T15:41:50.000Z, 1606
2025-07-11T05:20:16.000Z, 1006
2023-12-11T18:52:16.000Z, 1080
2024-04-03T18:00:56.000Z, 208
2024-06-17T16:36:15.000Z, 1846
2024-07-31T15:17:57.000Z, 2534
2024-09-17T15:53:59.000Z, 713
2024-04-20T20:33:27.000Z, 2064
2024-10-02T13:13:16.000Z, 5724
2024-07-11T22:08:09.000Z, 2402
2024-06-03T12:15:10.000Z, 3645
2023-08-03T14:08:31.000Z, 611
2024-02-12T18:01:55.000Z, 4619
2024-05-27T13:21:42.000Z, 1343
2025-04-21T21:33:39.000Z, 19887
2025-07-06T21:12:25.000Z, 215
2024-10-26T18:00:40.000Z, 11453
2025-04-04T20:51:22.000Z, 4152
2025-04-14T00:43:09.000Z, 3381
2025-03-28T15:13:47.000Z, 2330
2025-07-13T02:16:35.000Z, 944
2025-07-06T14:37:46.000Z, 236
2025-07-03T12:03:11.000Z, 869
2024-09-25T19:07:41.000Z, 1799
2025-03-08T05:09:57.000Z, 5615
2025-09-20T22:20:54.000Z, 104
2024-03-13T17:09:42.000Z, 1128
2025-07-08T02:43:49.000Z, 981
2025-02-08T17:00:21.000Z, 285
2025-05-20T03:03:32.000Z, 5186
2024-12-04T01:44:38.000Z, 378
2025-07-13T15:13:34.000Z, 7330
2025-03-08T15:04:06.000Z, 308
2025-05-22T12:57:24.000Z, 1224
2025-07-08T12:02:19.000Z, 763
2025-07-06T07:23:23.000Z, 273
2025-07-13T00:09:30.000Z, 1013
2024-03-16T15:14:17.000Z, 10798
2025-06-13T23:35:02.000Z, 17835
2025-06-13T15:21:58.000Z, 5513
2024-08-13T01:38:16.000Z, 5552
2024-10-25T16:24:10.000Z, 5349
2024-08-10T01:30:00.000Z, 6360
2024-11-28T02:34:15.000Z, 3929
2024-12-07T22:26:24.000Z, 11422
2025-03-01T03:40:13.000Z, 2605
2025-07-05T09:50:42.000Z, 152
2024-11-06T18:14:07.000Z, 2240
2024-10-19T18:25:19.000Z, 5860
2024-02-16T13:29:56.000Z, 4419
2024-07-27T17:29:28.000Z, 1433
2025-07-11T04:28:17.000Z, 3326
2025-04-22T23:29:00.000Z, 14671
2025-01-21T04:23:35.000Z, 1850
2024-12-26T23:51:17.000Z, 2243
2025-05-16T14:20:19.000Z, 3119
2025-05-24T20:01:52.000Z, 5875
2025-05-26T05:54:16.000Z, 3407
2024-02-16T19:09:12.000Z, 6788
2025-01-30T13:41:15.000Z, 600
2024-10-21T11:06:17.000Z, 995
2024-05-20T22:00:53.000Z, 1460
2024-03-12T20:20:20.000Z, 2176
2025-07-15T14:29:00.000Z, 960
2025-06-18T10:20:27.000Z, 673
2025-07-20T22:28:17.000Z, 2446
2024-10-22T02:06:55.000Z, 971
2024-11-05T16:52:39.000Z, 6039
2025-05-10T02:15:08.000Z, 742
2024-02-19T04:49:44.000Z, 1101
2024-02-14T15:27:22.000Z, 23879
2024-02-12T05:44:48.000Z, 5169
2025-01-24T02:32:04.000Z, 10211
2024-02-18T10:23:30.000Z, 3651
2025-03-16T15:26:35.000Z, 1755
2025-07-06T19:57:33.000Z, 1034
2025-07-13T01:34:37.000Z, 1021
2025-07-06T06:35:41.000Z, 1083
2025-11-26T02:26:38.000Z, 104
2024-04-12T00:57:51.000Z, 2542
2024-11-01T23:08:39.000Z, 19334
2025-02-20T21:17:37.000Z, 12008
2025-03-07T16:17:37.000Z, 7095
2025-01-31T16:50:50.000Z, 1540
2025-07-06T20:28:22.000Z, 1028
2024-11-26T19:00:06.000Z, 7921
2025-05-11T19:58:16.000Z, 13985
2025-07-06T11:58:52.000Z, 260
2025-06-22T21:37:38.000Z, 2148
2024-02-19T02:20:38.000Z, 4685
2025-01-10T12:01:41.000Z, 6982
2024-10-18T16:06:45.000Z, 3817
2025-02-04T00:49:27.000Z, 836
2024-03-11T17:25:23.000Z, 3188
2025-04-16T04:55:12.000Z, 1844
2025-06-12T18:48:32.000Z, 525
2025-04-12T15:24:45.000Z, 974
2024-09-15T08:28:26.000Z, 3493
2025-07-12T20:37:26.000Z, 247
2025-08-22T22:41:03.000Z, 1317
2025-07-06T10:44:02.000Z, 638
2024-05-09T19:05:15.000Z, 3156
2025-07-13T00:25:35.000Z, 866
2024-11-05T01:10:48.000Z, 1710
2025-05-21T23:37:55.000Z, 951
2024-03-11T19:09:51.000Z, 1346
2024-04-30T04:57:27.000Z, 1627
2025-06-04T18:53:15.000Z, 1191
2024-12-27T16:23:45.000Z, 10532
2024-07-19T17:36:04.000Z, 1138
2024-02-12T13:01:49.000Z, 1251
2025-07-06T04:31:52.000Z, 715
2025-06-13T04:15:41.000Z, 3767
2024-10-27T14:28:57.000Z, 5660
2025-06-26T16:45:32.000Z, 827
2025-07-06T10:09:40.000Z, 815
2024-12-29T19:22:40.000Z, 2183
2025-03-05T00:13:22.000Z, 1890
2024-11-27T16:59:21.000Z, 1150
2025-02-19T00:02:52.000Z, 4651
2024-02-16T03:29:22.000Z, 5544
2024-02-16T04:45:25.000Z, 1590
2024-10-16T05:50:00.000Z, 1259
2024-12-15T19:00:24.000Z, 5824
2025-06-26T12:08:18.000Z, 5580
2024-10-25T19:59:04.000Z, 1732
2024-02-12T08:44:16.000Z, 19387
2024-11-22T21:19:26.000Z, 4648
2024-12-21T15:09:17.000Z, 562
2024-12-28T11:09:09.000Z, 2981
2024-11-23T21:14:56.000Z, 2343
2024-12-30T17:53:15.000Z, 6913
2024-11-23T00:07:54.000Z, 895
2024-02-12T20:11:04.000Z, 12722
2024-02-19T04:57:06.000Z, 2796
2024-06-03T16:57:25.000Z, 1295
2024-08-08T03:06:51.000Z, 6686
2025-07-06T10:47:53.000Z, 347
2024-09-16T03:09:46.000Z, 6992
2025-07-06T14:03:00.000Z, 1010
2025-07-10T18:29:14.000Z, 281
2025-01-08T20:45:03.000Z, 1349
2024-08-06T05:08:15.000Z, 1094
2025-07-06T10:23:23.000Z, 959
2024-10-09T13:57:03.000Z, 6496
2024-11-20T00:51:31.000Z, 6232
2025-07-11T03:16:40.000Z, 986
2025-04-18T23:51:11.000Z, 3210
2024-09-22T17:33:49.000Z, 1169
2024-02-15T16:09:10.000Z, 4132
2024-06-24T01:06:35.000Z, 739
2024-04-06T16:57:03.000Z, 8757
2024-10-13T15:50:48.000Z, 14779
2024-10-16T02:48:02.000Z, 2055
2024-12-17T00:53:05.000Z, 1156
2025-07-22T16:59:36.000Z, 1072
2025-07-05T12:10:18.000Z, 4196
2025-07-06T04:47:09.000Z, 855
2025-03-02T11:15:23.000Z, 5913
2024-03-11T23:54:03.000Z, 3673
2024-06-15T21:13:17.000Z, 7608
2025-01-26T03:01:36.000Z, 6729
2024-11-12T22:52:42.000Z, 8408
2024-06-18T16:44:02.000Z, 2678
2025-07-15T06:06:58.000Z, 2151
2025-01-24T14:45:52.000Z, 421
2024-03-15T16:53:34.000Z, 1103
2025-03-16T03:32:40.000Z, 2668
2024-11-20T17:57:32.000Z, 1259
2025-03-08T03:53:56.000Z, 3265
2024-12-29T01:08:30.000Z, 7117
2025-04-21T18:02:40.000Z, 8029
2025-05-19T08:32:07.000Z, 2785
2025-07-10T07:21:06.000Z, 881
2025-07-01T22:04:55.000Z, 4490
2025-07-08T23:03:35.000Z, 754
2024-07-28T21:11:23.000Z, 317
2025-05-05T11:41:23.000Z, 8025
2025-05-27T02:19:33.000Z, 798
2024-08-12T14:51:23.000Z, 2500
2024-12-07T19:01:43.000Z, 9053
2024-12-10T06:50:55.000Z, 7666
2025-07-12T21:28:28.000Z, 735
2025-02-13T16:47:00.000Z, 2102
2024-03-20T17:39:40.000Z, 2810
2025-01-09T19:14:40.000Z, 1285
2025-01-20T00:28:13.000Z, 3275
2024-02-18T02:57:02.000Z, 3164
2024-03-12T16:18:18.000Z, 2618
2025-01-08T08:42:54.000Z, 11618
2024-12-07T17:29:59.000Z, 5336
2024-08-26T16:13:15.000Z, 15111
2024-07-25T12:42:49.000Z, 833
2024-06-29T07:43:25.000Z, 4301
2024-03-13T23:11:13.000Z, 5543
2024-02-16T04:47:15.000Z, 88211
2024-02-12T07:17:30.000Z, 14836
2024-08-20T18:54:50.000Z, 2405
2024-05-17T15:38:28.000Z, 1146
2025-01-05T04:58:00.000Z, 821
2025-07-06T05:18:08.000Z, 327
2024-10-07T16:49:47.000Z, 4292
2025-05-30T17:03:06.000Z, 1151
2025-03-08T04:59:34.000Z, 3537
2024-07-01T04:04:04.000Z, 3574
2024-02-15T10:53:17.000Z, 18505
2024-02-19T03:22:58.000Z, 8316
2024-02-14T13:18:45.000Z, 11406
2025-01-15T14:27:31.000Z, 6328
2024-09-26T21:15:34.000Z, 1424
2025-03-07T20:08:42.000Z, 1643
2025-05-14T17:16:20.000Z, 1864
2024-10-04T15:15:10.000Z, 6068
2024-06-05T17:55:42.000Z, 1733
2025-07-08T21:52:50.000Z, 1029
2025-01-12T20:31:08.000Z, 1592
2024-02-14T02:40:41.000Z, 3260
2025-05-25T17:23:17.000Z, 10276
2025-04-04T17:11:54.000Z, 2745
2024-08-05T23:24:02.000Z, 1460
2024-02-15T20:19:30.000Z, 2006
2025-06-03T13:29:52.000Z, 3267
2024-08-26T18:25:39.000Z, 1976
2025-06-06T17:00:24.000Z, 827
2024-05-24T20:12:14.000Z, 7134
2025-04-01T15:51:47.000Z, 430
2024-10-11T11:55:03.000Z, 1971
2025-07-12T12:06:43.000Z, 504
2024-10-31T20:54:19.000Z, 12750
2025-07-06T08:01:22.000Z, 913
2025-01-16T05:02:27.000Z, 8371
2024-09-28T01:42:20.000Z, 762
2025-02-18T16:27:49.000Z, 4709
2025-07-17T11:18:06.000Z, 571
2025-03-28T01:07:59.000Z, 6469
2025-03-07T22:54:33.000Z, 3705
2025-07-06T14:55:42.000Z, 329
2025-08-08T02:12:06.000Z, 2186
2025-07-13T04:34:45.000Z, 921
2024-10-30T14:05:32.000Z, 3555
2024-10-20T18:48:41.000Z, 4862
2025-06-27T02:27:08.000Z, 6669
2025-02-03T21:20:59.000Z, 2407
2025-04-20T03:28:41.000Z, 5275
2025-05-30T22:19:55.000Z, 25471
2024-02-15T09:40:46.000Z, 4526
2024-12-29T20:11:50.000Z, 4969
2025-03-17T13:52:32.000Z, 24075
2025-07-06T06:19:28.000Z, 878
2024-11-17T23:40:06.000Z, 350
2025-07-12T12:10:34.000Z, 349
2025-08-04T00:47:33.000Z, 3772
2024-12-12T20:01:45.000Z, 683
2025-07-21T14:52:11.000Z, 2074
2025-07-06T04:30:07.000Z, 941
2025-03-19T16:16:46.000Z, 3723
2025-07-11T01:00:10.000Z, 1045
2025-04-24T10:05:39.000Z, 2042
2025-01-27T00:09:40.000Z, 4852
2024-10-15T23:52:53.000Z, 8307
2024-09-05T12:14:07.000Z, 2166
2025-07-06T16:33:48.000Z, 394
2025-07-06T05:33:06.000Z, 692
2024-07-06T02:50:40.000Z, 3909
2025-09-28T16:11:13.000Z, 641
2025-01-16T17:32:14.000Z, 1531
2024-06-04T22:52:10.000Z, 7847
2025-06-25T15:40:41.000Z, 1169
2025-03-08T03:35:52.000Z, 5681
2025-07-10T09:51:42.000Z, 746
2025-07-06T10:33:50.000Z, 563
2025-07-06T06:23:27.000Z, 454
2024-10-14T11:20:38.000Z, 5890
2024-12-05T21:54:04.000Z, 2678
2025-06-06T01:26:42.000Z, 882
2024-10-16T17:42:53.000Z, 2025
2024-10-06T15:59:41.000Z, 43267
2025-03-08T03:36:58.000Z, 17012
2024-11-29T11:37:35.000Z, 1445
2025-10-22T19:26:54.000Z, 707
2025-01-24T17:56:07.000Z, 4907
2024-10-16T13:58:13.000Z, 4173
2025-04-18T18:17:13.000Z, 7181
2024-03-19T23:20:38.000Z, 2862
2024-03-11T17:54:40.000Z, 2479
2024-03-21T21:22:36.000Z, 3959
2024-02-18T16:44:41.000Z, 1394
2024-02-19T04:59:01.000Z, 173
2024-02-19T03:59:41.000Z, 4863
2024-02-19T04:03:48.000Z, 2483
2024-02-13T00:54:59.000Z, 18427
2024-02-12T05:01:02.000Z, 5741
2024-02-15T13:42:49.000Z, 1124
2024-02-14T13:10:53.000Z, 1324
2025-09-20T13:26:00.000Z, 14
2025-02-08T15:34:06.000Z, 39
2008-07-26T17:55:26.000Z, 655
2008-07-19T22:37:32.000Z, 784
2011-04-10T02:14:22.000Z, 1730
2008-07-25T09:04:41.000Z, 1399
2008-07-26T00:19:49.000Z, 324
2008-07-25T09:21:00.000Z, 448
2008-07-25T14:24:03.000Z, 470
2008-07-25T13:35:29.000Z, 516
2009-12-26T23:02:49.000Z, 1179
2009-04-22T19:14:46.000Z, 510
2008-07-25T22:08:09.000Z, 473
2008-07-25T14:34:37.000Z, 279
2012-10-02T05:11:56.000Z, 408
2008-07-25T12:43:58.000Z, 364
2009-01-22T19:29:04.000Z, 1538
2008-07-25T22:38:06.000Z, 263
2008-07-25T22:53:25.000Z, 650
2009-12-07T00:13:22.000Z, 670
2009-12-08T18:15:37.000Z, 576
2008-07-25T14:41:40.000Z, 639
2011-01-23T13:35:30.000Z, 811
2010-01-11T02:54:01.000Z, 689
2009-03-30T07:47:13.000Z, 1166
2010-01-11T03:51:41.000Z, 1115
2010-01-19T00:51:27.000Z, 739
2009-12-10T18:05:25.000Z, 857
2008-07-25T23:38:07.000Z, 726
2010-02-08T07:45:33.000Z, 724
2008-07-25T14:59:16.000Z, 1162
2021-04-07T05:36:28.000Z, 2729
2014-10-01T00:14:21.000Z, 1523
2008-07-25T21:41:29.000Z, 1017
2009-02-24T07:19:17.000Z, 1069
2008-07-25T21:18:49.000Z, 1795
2008-07-26T00:25:51.000Z, 877
2008-07-25T15:07:16.000Z, 719
2008-07-26T00:28:58.000Z, 715
2021-06-23T19:16:18.000Z, 4769
2008-07-25T16:49:59.000Z, 1105
2008-07-26T00:33:30.000Z, 851
2008-07-25T15:16:01.000Z, 723
2008-07-25T15:19:40.000Z, 190
2008-10-17T12:47:06.000Z, 469
2015-01-09T03:46:41.000Z, 810
2012-05-18T13:16:27.000Z, 1251
2010-11-23T23:59:28.000Z, 882
2009-02-12T17:41:56.000Z, 759
2009-12-10T12:37:50.000Z, 3839
2009-02-27T07:55:43.000Z, 275
2011-03-07T12:38:36.000Z, 472
2010-11-09T20:41:38.000Z, 932
2008-07-25T16:18:32.000Z, 389
2008-07-25T15:56:16.000Z, 711
2008-07-25T15:59:04.000Z, 954
2008-07-25T21:35:30.000Z, 1235
2011-12-03T01:34:07.000Z, 1105
2008-07-26T03:40:45.000Z, 1010
2008-07-26T03:42:40.000Z, 766
2012-09-14T23:15:43.000Z, 978
2008-07-26T03:51:11.000Z, 939
2008-07-26T03:55:27.000Z, 543
2008-07-26T03:58:08.000Z, 319
2008-07-26T04:01:59.000Z, 537
2009-07-27T18:04:24.000Z, 677
2008-07-26T04:11:24.000Z, 647
2008-07-26T08:29:28.000Z, 927
2008-10-18T17:24:51.000Z, 592
2010-11-09T20:28:44.000Z, 664
2009-03-30T13:57:11.000Z, 780
2012-07-22T20:27:38.000Z, 630
2011-10-22T23:31:12.000Z, 527
2008-07-26T04:51:43.000Z, 924
2013-03-20T18:47:29.000Z, 904
2008-07-26T17:10:52.000Z, 396
2008-07-25T21:59:26.000Z, 1461
2009-12-09T16:09:36.000Z, 693
2010-04-20T18:33:24.000Z, 682
2008-07-26T17:33:09.000Z, 905
2010-04-03T09:50:12.000Z, 681
2010-04-29T02:21:38.000Z, 818
2008-07-26T08:45:17.000Z, 744
2009-02-22T04:59:49.000Z, 1375
2010-01-01T02:31:24.000Z, 793
2008-07-26T09:00:57.000Z, 950
2012-03-16T05:41:46.000Z, 930
2009-12-10T19:05:00.000Z, 477
2009-06-26T21:48:42.000Z, 647
2012-01-05T21:27:08.000Z, 1381
2008-07-26T11:35:00.000Z, 684
2012-04-20T22:39:54.000Z, 385
2008-07-26T11:37:25.000Z, 1853
2008-07-26T11:54:34.000Z, 1348
2008-07-26T11:55:55.000Z, 457
2009-12-12T23:59:50.000Z, 604
2010-03-17T18:46:21.000Z, 1220
2011-10-02T19:59:45.000Z, 1196
2009-05-22T02:04:25.000Z, 572
2009-12-11T20:59:03.000Z, 425